
DROP TABLE IF EXISTS TEST;


CREATE TABLE TEST
(
    ID    INT,
    U_NO  INT,
    NAME    VARCHAR(50) NOT NULL,
    REG_DTIME    TIMESTAMP DEFAULT CURRENT_TIMESTAMP,
    CALL_DTIME    TIMESTAMP DEFAULT CURRENT_TIMESTAMP
);

INSERT INTO TEST (ID, U_NO, NAME, REG_DTIME, CALL_DTIME) VALUES
                                                                     (1, 11, '홍길동', CURRENT_TIMESTAMP, NULL),
                                                                     (2, 22, '홍길동', CURRENT_TIMESTAMP, NULL),
                                                                     (3, 33, '홍길동', CURRENT_TIMESTAMP, NULL),
                                                                   (305912, 226676, '이순신', CURRENT_TIMESTAMP, NULL),
                                                                   (954367, 329728, '이순신', CURRENT_TIMESTAMP, NULL),
                                                                   (132572, 348841, '이순신', CURRENT_TIMESTAMP, NULL),
                                                                   (607173, 799206, '이순신', CURRENT_TIMESTAMP, NULL);

DROP TABLE IF EXISTS ALARM;

CREATE TABLE ALARM
(
    ALARM_NO    INT AUTO_INCREMENT NOT NULL,
    ALARM_TYPE    VARCHAR(50) NOT NULL,
    ALARM_SOURCE_TYPE    VARCHAR(50) NOT NULL,
    SEVERITY    VARCHAR(20) NOT NULL,
    ALARM_CONDITION    CLOB,
    ALARM_CONTENT_TEMPLATE_USE_YN    CHAR(1) NOT NULL,
    ALARM_CONTENT_TEMPLATE    CLOB NOT NULL,
    DEFAULT_APPLIED_YN    CHAR(1) DEFAULT 'Y',
    DESCRIPTION    VARCHAR(100),
    NOTIFICATION_USE_YN    CHAR(1) DEFAULT 'Y' NOT NULL,
    SORT_ORDER    INT DEFAULT 0 NOT NULL,
    USE_YN    CHAR(1) DEFAULT 'Y' NOT NULL,
    CREATOR_ID    VARCHAR(20) NOT NULL,
    CREATED_AT    TIMESTAMP DEFAULT CURRENT_TIMESTAMP,
    MODIFIER_ID    VARCHAR(20),
    MODIFIED_AT    TIMESTAMP DEFAULT CURRENT_TIMESTAMP,
    PRIMARY KEY (ALARM_NO)
);

COMMENT ON COLUMN ALARM.ALARM_NO IS '경보 번호';

COMMENT ON COLUMN ALARM.ALARM_TYPE IS '경보 유형';

COMMENT ON COLUMN ALARM.ALARM_SOURCE_TYPE IS '경보 발생 데이터 출처';

COMMENT ON COLUMN ALARM.SEVERITY IS '심각도';

COMMENT ON COLUMN ALARM.ALARM_CONDITION IS '경보 조건';

COMMENT ON COLUMN ALARM.ALARM_CONTENT_TEMPLATE_USE_YN IS '경보 발생 내용 형식 사용';

COMMENT ON COLUMN ALARM.ALARM_CONTENT_TEMPLATE IS '경보 발생 내용 형식';

COMMENT ON COLUMN ALARM.DEFAULT_APPLIED_YN IS '기본 적용 여부';

COMMENT ON COLUMN ALARM.DESCRIPTION IS '설명';

COMMENT ON COLUMN ALARM.NOTIFICATION_USE_YN IS '알림 사용 유무';

COMMENT ON COLUMN ALARM.SORT_ORDER IS '정렬순서';

COMMENT ON COLUMN ALARM.USE_YN IS '사용 유무';

COMMENT ON COLUMN ALARM.CREATOR_ID IS '등록자';

COMMENT ON COLUMN ALARM.CREATED_AT IS '등록일시';

COMMENT ON COLUMN ALARM.MODIFIER_ID IS '수정자';

COMMENT ON COLUMN ALARM.MODIFIED_AT IS '수정일시';

COMMENT ON TABLE ALARM IS '경보';

-- Drop existing tables
DROP TABLE IF EXISTS ALARM_GROUP;
DROP TABLE IF EXISTS ALARM_GROUP_MAPPING;
DROP TABLE IF EXISTS ALARM_LOG;

-- Create ALARM_GROUP table
CREATE TABLE ALARM_GROUP
(
    ALARM_GROUP_ID    VARCHAR(10) NOT NULL,
    WORKSPACE_ID    VARCHAR(14) NOT NULL,
    ALARM_GROUP_NAME    VARCHAR(50) NOT NULL,
    ALARM_GROUP_NAME_I18N    VARCHAR(300),
    PARENT_ALARM_GROUP_ID    VARCHAR(10) NOT NULL,
    DESCRIPTION    VARCHAR(500),
    SORT_ORDER    INT NOT NULL,
    CREATOR_ID    VARCHAR(20) NOT NULL,
    CREATED_AT    TIMESTAMP DEFAULT CURRENT_TIMESTAMP NOT NULL,
    MODIFIER_ID    VARCHAR(20),
    MODIFIED_AT    TIMESTAMP DEFAULT CURRENT_TIMESTAMP,
    PRIMARY KEY (ALARM_GROUP_ID)
);

COMMENT ON COLUMN ALARM_GROUP.ALARM_GROUP_ID IS '경보 그룹아이디';
COMMENT ON COLUMN ALARM_GROUP.WORKSPACE_ID IS '작업공간 아이디';
COMMENT ON COLUMN ALARM_GROUP.ALARM_GROUP_NAME IS '경보 그룹 명';
COMMENT ON COLUMN ALARM_GROUP.ALARM_GROUP_NAME_I18N IS '경보 그룹 명 국제화';
COMMENT ON COLUMN ALARM_GROUP.PARENT_ALARM_GROUP_ID IS '부모 경보 그룹 아이디';
COMMENT ON COLUMN ALARM_GROUP.DESCRIPTION IS '설명';
COMMENT ON COLUMN ALARM_GROUP.SORT_ORDER IS '정렬순서';
COMMENT ON COLUMN ALARM_GROUP.CREATOR_ID IS '등록자';
COMMENT ON COLUMN ALARM_GROUP.CREATED_AT IS '등록일시';
COMMENT ON COLUMN ALARM_GROUP.MODIFIER_ID IS '수정자';
COMMENT ON COLUMN ALARM_GROUP.MODIFIED_AT IS '수정일시';
COMMENT ON TABLE ALARM_GROUP IS '경보 그룹';

-- Create ALARM_GROUP_MAPPING table
CREATE TABLE ALARM_GROUP_MAPPING
(
    ALARM_GROUP_MAPPING_NO    BIGINT AUTO_INCREMENT NOT NULL,
    ALARM_GROUP_ID    VARCHAR(10) NOT NULL,
    ALARM_NO    INT,
    SORT_ORDER    INT NOT NULL,
    CREATOR_ID    VARCHAR(20) NOT NULL,
    CREATED_AT    TIMESTAMP DEFAULT CURRENT_TIMESTAMP NOT NULL,
    PRIMARY KEY (ALARM_GROUP_MAPPING_NO)
);

COMMENT ON COLUMN ALARM_GROUP_MAPPING.ALARM_GROUP_MAPPING_NO IS '경보 그룹 연결 번호';
COMMENT ON COLUMN ALARM_GROUP_MAPPING.ALARM_GROUP_ID IS '경보 그룹아이디';
COMMENT ON COLUMN ALARM_GROUP_MAPPING.ALARM_NO IS '경보 번호';
COMMENT ON COLUMN ALARM_GROUP_MAPPING.SORT_ORDER IS '정렬순서';
COMMENT ON COLUMN ALARM_GROUP_MAPPING.CREATOR_ID IS '등록자';
COMMENT ON COLUMN ALARM_GROUP_MAPPING.CREATED_AT IS '등록일시';
COMMENT ON TABLE ALARM_GROUP_MAPPING IS '경보 그룹 연결';

-- Create ALARM_LOG table
CREATE TABLE ALARM_LOG
(
    ALARM_LOG_NO    BIGINT AUTO_INCREMENT NOT NULL,
    WORKSPACE_ID    VARCHAR(14),
    ALARM_NO    INT,
    ALARM_LOG    CLOB,
    NOTIFICATION_LOG_NO    BIGINT,
    CREATED_AT    TIMESTAMP DEFAULT CURRENT_TIMESTAMP,
    PRIMARY KEY (ALARM_LOG_NO)
);

COMMENT ON COLUMN ALARM_LOG.ALARM_LOG_NO IS '경보로그번호';
COMMENT ON COLUMN ALARM_LOG.WORKSPACE_ID IS '작업공간 아이디';
COMMENT ON COLUMN ALARM_LOG.ALARM_NO IS '경보 번호';
COMMENT ON COLUMN ALARM_LOG.ALARM_LOG IS '경보 내용';
COMMENT ON COLUMN ALARM_LOG.NOTIFICATION_LOG_NO IS '알림로그번호';
COMMENT ON COLUMN ALARM_LOG.CREATED_AT IS '등록일시';
COMMENT ON TABLE ALARM_LOG IS '경보 로그';

-- Drop existing tables
DROP TABLE IF EXISTS CODE;
DROP TABLE IF EXISTS CODE_GROUP;
DROP TABLE IF EXISTS CONFIGURATION;
DROP TABLE IF EXISTS CONFIGURATION_INPUT_ITEM;

-- Create CODE table
CREATE TABLE CODE
(
    CODE_GROUP_ID    VARCHAR(6) NOT NULL,
    CODE_ID    VARCHAR(9) NOT NULL,
    CODE_NAME    VARCHAR(30),
    CODE_ADD_VALUE1    VARCHAR(9),
    CODE_ADD_VALUE2    VARCHAR(9),
    CODE_ADD_VALUE3    VARCHAR(9),
    DESCRIPTION    VARCHAR(100),
    SORT_ORDER    INT NOT NULL,
    USE_YN    CHAR(1) DEFAULT 'N' NOT NULL,
    DEL_YN    CHAR(1) DEFAULT 'N' NOT NULL,
    CREATOR_ID    VARCHAR(20) NOT NULL,
    CREATED_AT    TIMESTAMP DEFAULT CURRENT_TIMESTAMP,
    MODIFIER_ID    VARCHAR(20),
    MODIFIED_AT    TIMESTAMP DEFAULT CURRENT_TIMESTAMP,
    PRIMARY KEY (CODE_GROUP_ID, CODE_ID)
);

COMMENT ON COLUMN CODE.CODE_GROUP_ID IS '코드그룹';
COMMENT ON COLUMN CODE.CODE_ID IS '코드';
COMMENT ON COLUMN CODE.CODE_NAME IS '코드명';
COMMENT ON COLUMN CODE.CODE_ADD_VALUE1 IS '추가값1';
COMMENT ON COLUMN CODE.CODE_ADD_VALUE2 IS '추가값2';
COMMENT ON COLUMN CODE.CODE_ADD_VALUE3 IS '추가값3';
COMMENT ON COLUMN CODE.DESCRIPTION IS '설명';
COMMENT ON COLUMN CODE.SORT_ORDER IS '정렬순서';
COMMENT ON COLUMN CODE.USE_YN IS '사용여부';
COMMENT ON COLUMN CODE.DEL_YN IS '삭제여부';
COMMENT ON COLUMN CODE.CREATOR_ID IS '등록자';
COMMENT ON COLUMN CODE.CREATED_AT IS '등록일시';
COMMENT ON COLUMN CODE.MODIFIER_ID IS '수정자';
COMMENT ON COLUMN CODE.MODIFIED_AT IS '수정일시';
COMMENT ON TABLE CODE IS '공통코드';

-- Create CODE_GROUP table
CREATE TABLE CODE_GROUP
(
    CODE_GROUP_ID    VARCHAR(6) NOT NULL,
    CODE_GROUP_NAME    VARCHAR(30),
    DESCRIPTION    VARCHAR(100),
    SORT_ORDER    INT NOT NULL,
    SYSTEM_CODE_YN    CHAR(1) DEFAULT 'N' NOT NULL,
    USE_YN    CHAR(1) DEFAULT 'N' NOT NULL,
    DEL_YN    CHAR(1) DEFAULT 'N' NOT NULL,
    CREATOR_ID    VARCHAR(20) NOT NULL,
    CREATED_AT    TIMESTAMP DEFAULT CURRENT_TIMESTAMP,
    MODIFIER_ID    VARCHAR(20),
    MODIFIED_AT    TIMESTAMP DEFAULT CURRENT_TIMESTAMP,
    PRIMARY KEY (CODE_GROUP_ID)
);

COMMENT ON COLUMN CODE_GROUP.CODE_GROUP_ID IS '코드그룹';
COMMENT ON COLUMN CODE_GROUP.CODE_GROUP_NAME IS '코드그룹명';
COMMENT ON COLUMN CODE_GROUP.DESCRIPTION IS '설명';
COMMENT ON COLUMN CODE_GROUP.SORT_ORDER IS '정렬순서';
COMMENT ON COLUMN CODE_GROUP.SYSTEM_CODE_YN IS '시스템코드여부';
COMMENT ON COLUMN CODE_GROUP.USE_YN IS '사용여부';
COMMENT ON COLUMN CODE_GROUP.DEL_YN IS '삭제여부';
COMMENT ON COLUMN CODE_GROUP.CREATOR_ID IS '등록자';
COMMENT ON COLUMN CODE_GROUP.CREATED_AT IS '등록일시';
COMMENT ON COLUMN CODE_GROUP.MODIFIER_ID IS '수정자';
COMMENT ON COLUMN CODE_GROUP.MODIFIED_AT IS '수정일시';
COMMENT ON TABLE CODE_GROUP IS '공통코드그룹';

-- Create CONFIGURATION table
CREATE TABLE CONFIGURATION
(
    CONFIGURATION_ID    VARCHAR(300) NOT NULL,
    PARENT_CONFIGURATION_ID    VARCHAR(300),
    CONFIGURATION_NAME    VARCHAR(50) DEFAULT 'Y' NOT NULL,
    CONFIGURATION_NAME_I18N    VARCHAR(300),
    CONFIGURATION_VALUE    VARCHAR(50),
    CONFIGURATION_CATEGORY    VARCHAR(50),
    CONFIGURATION_CATEGORY_NAME    VARCHAR(50),
    CONFIGURATION_CATEGORY_NAME_I18N    VARCHAR(300),
    INPUT_TYPE    VARCHAR(10),
    CONFIGURATION_VISIBLE_ID    VARCHAR(300),
    CONFIGURATION_VISIBLE_VALUE    CHAR(1),
    SORT_ORDER    INT DEFAULT 0 NOT NULL,
    USE_YN    CHAR(1) DEFAULT 'Y' NOT NULL,
    CREATOR_ID    VARCHAR(20) NOT NULL,
    CREATED_AT    TIMESTAMP DEFAULT CURRENT_TIMESTAMP,
    MODIFIER_ID    VARCHAR(20),
    MODIFIED_AT    TIMESTAMP DEFAULT CURRENT_TIMESTAMP,
    PRIMARY KEY (CONFIGURATION_ID)
);

COMMENT ON COLUMN CONFIGURATION.CONFIGURATION_ID IS '설정 아이디';
COMMENT ON COLUMN CONFIGURATION.PARENT_CONFIGURATION_ID IS '부모 설정 아이디';
COMMENT ON COLUMN CONFIGURATION.CONFIGURATION_NAME IS '설정 명';
COMMENT ON COLUMN CONFIGURATION.CONFIGURATION_NAME_I18N IS '설정 명 국제화';
COMMENT ON COLUMN CONFIGURATION.CONFIGURATION_VALUE IS '설정 값';
COMMENT ON COLUMN CONFIGURATION.CONFIGURATION_CATEGORY IS '설정 분류';
COMMENT ON COLUMN CONFIGURATION.CONFIGURATION_CATEGORY_NAME IS '설정 분류 명';
COMMENT ON COLUMN CONFIGURATION.CONFIGURATION_CATEGORY_NAME_I18N IS '설정 분류 명 국제화';
COMMENT ON COLUMN CONFIGURATION.INPUT_TYPE IS '입력 유형';
COMMENT ON COLUMN CONFIGURATION.CONFIGURATION_VISIBLE_ID IS '연관 설정 노출 아이디';
COMMENT ON COLUMN CONFIGURATION.CONFIGURATION_VISIBLE_VALUE IS '연관 설정 노출 기준 값';
COMMENT ON COLUMN CONFIGURATION.SORT_ORDER IS '정렬순서';
COMMENT ON COLUMN CONFIGURATION.USE_YN IS '사용 유무';
COMMENT ON COLUMN CONFIGURATION.CREATOR_ID IS '등록자';
COMMENT ON COLUMN CONFIGURATION.CREATED_AT IS '등록일시';
COMMENT ON COLUMN CONFIGURATION.MODIFIER_ID IS '수정자';
COMMENT ON COLUMN CONFIGURATION.MODIFIED_AT IS '수정일시';
COMMENT ON TABLE CONFIGURATION IS '설정';

-- Create CONFIGURATION_INPUT_ITEM table
CREATE TABLE CONFIGURATION_INPUT_ITEM
(
    CONFIGURATION_ITEMS_NO    BIGINT AUTO_INCREMENT NOT NULL,
    CONFIGURATION_ID    VARCHAR(300) NOT NULL,
    ITEM_KEY    VARCHAR(50) NOT NULL,
    ITEM_NAME    VARCHAR(50) NOT NULL,
    ITEM_NAME_I18N    VARCHAR(300),
    DESCRIPTION    VARCHAR(100),
    SORT_ORDER    INT DEFAULT 0 NOT NULL,
    CREATOR_ID    VARCHAR(20) NOT NULL,
    CREATED_AT    TIMESTAMP DEFAULT CURRENT_TIMESTAMP,
    MODIFIER_ID    VARCHAR(20),
    MODIFIED_AT    TIMESTAMP DEFAULT CURRENT_TIMESTAMP,
    PRIMARY KEY (CONFIGURATION_ITEMS_NO)
);

COMMENT ON COLUMN CONFIGURATION_INPUT_ITEM.CONFIGURATION_ITEMS_NO IS '설정 유형 항목 번호';
COMMENT ON COLUMN CONFIGURATION_INPUT_ITEM.CONFIGURATION_ID IS '설정 아이디';
COMMENT ON COLUMN CONFIGURATION_INPUT_ITEM.ITEM_KEY IS '항목 값(Key)';
COMMENT ON COLUMN CONFIGURATION_INPUT_ITEM.ITEM_NAME IS '항목 명';
COMMENT ON COLUMN CONFIGURATION_INPUT_ITEM.ITEM_NAME_I18N IS '항목 명 국제화';
COMMENT ON COLUMN CONFIGURATION_INPUT_ITEM.DESCRIPTION IS '설명';
COMMENT ON COLUMN CONFIGURATION_INPUT_ITEM.SORT_ORDER IS '정렬순서';
COMMENT ON COLUMN CONFIGURATION_INPUT_ITEM.CREATOR_ID IS '등록자';
COMMENT ON COLUMN CONFIGURATION_INPUT_ITEM.CREATED_AT IS '등록일시';
COMMENT ON COLUMN CONFIGURATION_INPUT_ITEM.MODIFIER_ID IS '수정자';
COMMENT ON COLUMN CONFIGURATION_INPUT_ITEM.MODIFIED_AT IS '수정일시';
COMMENT ON TABLE CONFIGURATION_INPUT_ITEM IS '슬롯 설정 유형 항목';


-- 데이터 전송 고유 식별자 테이블
DROP TABLE IF EXISTS DATA_SENDER_IDENTIFIER CASCADE;

CREATE TABLE DATA_SENDER_IDENTIFIER
(
    SENDER_ID          VARCHAR(14) NOT NULL,
    WORKSPACE_ID       VARCHAR(14),
    SENDER_NAME        VARCHAR(40),
    SENDER_TYPE        VARCHAR(10) NOT NULL,
    CREATOR_ID         VARCHAR(20) NOT NULL,
    CREATED_AT         TIMESTAMP DEFAULT now(),
    MODIFIER_ID        VARCHAR(20),
    MODIFIED_AT        TIMESTAMP DEFAULT now(),
    CONSTRAINT C_DSI_SENDER_ID_PK PRIMARY KEY (SENDER_ID)
);

COMMENT ON COLUMN DATA_SENDER_IDENTIFIER.SENDER_ID IS '전송자 아이디';
COMMENT ON COLUMN DATA_SENDER_IDENTIFIER.WORKSPACE_ID IS '작업공간 아이디';
COMMENT ON COLUMN DATA_SENDER_IDENTIFIER.SENDER_NAME IS '전송자 명';
COMMENT ON COLUMN DATA_SENDER_IDENTIFIER.SENDER_TYPE IS '전송자 유형';
COMMENT ON COLUMN DATA_SENDER_IDENTIFIER.CREATOR_ID IS '등록자';
COMMENT ON COLUMN DATA_SENDER_IDENTIFIER.CREATED_AT IS '등록일시';
COMMENT ON COLUMN DATA_SENDER_IDENTIFIER.MODIFIER_ID IS '수정자';
COMMENT ON COLUMN DATA_SENDER_IDENTIFIER.MODIFIED_AT IS '수정일시';
COMMENT ON TABLE DATA_SENDER_IDENTIFIER IS '데이터 전송 고유 식별자';

-- 이벤트 테이블
DROP TABLE IF EXISTS EVENT CASCADE;

CREATE TABLE EVENT
(
    EVENT_ID                VARCHAR(10) NOT NULL,
    EVENT_TYPE              VARCHAR(20) NOT NULL,
    EVENT_NAME              VARCHAR(50) NOT NULL,
    EVENT_NAME_I18N         VARCHAR(300),
    EVENT_CONTENT_TEMPLATE  TEXT NOT NULL,
    SEVERITY                VARCHAR(10) NOT NULL,
    DEFAULT_APPLIED         CHAR(1) DEFAULT 'Y',
    USE_YN                  CHAR(1) DEFAULT 'Y' NOT NULL,
    VISIBLE_YN              CHAR(1) DEFAULT 'Y' NOT NULL,
    DESCRIPTION             VARCHAR(500),
    SORT_ORDER              INTEGER DEFAULT 0 NOT NULL,
    CREATOR_ID              VARCHAR(20) NOT NULL,
    CREATED_AT              TIMESTAMP DEFAULT now(),
    MODIFIER_ID             VARCHAR(20),
    MODIFIED_AT             TIMESTAMP DEFAULT now(),
    CONSTRAINT C_EVT_EVENT_ID_PK PRIMARY KEY (EVENT_ID)
);

COMMENT ON COLUMN EVENT.EVENT_ID IS '이벤트 아이디';
COMMENT ON COLUMN EVENT.EVENT_TYPE IS '이벤트 유형';
COMMENT ON COLUMN EVENT.EVENT_NAME IS '이벤트 명';
COMMENT ON COLUMN EVENT.EVENT_NAME_I18N IS '이벤트 명 국제';
COMMENT ON COLUMN EVENT.EVENT_CONTENT_TEMPLATE IS '이벤트 내용 형식';
COMMENT ON COLUMN EVENT.SEVERITY IS '심각도';
COMMENT ON COLUMN EVENT.DEFAULT_APPLIED IS '기본 적용';
COMMENT ON COLUMN EVENT.USE_YN IS '사용여부';
COMMENT ON COLUMN EVENT.VISIBLE_YN IS '화면 노출 여부';
COMMENT ON COLUMN EVENT.DESCRIPTION IS '설명';
COMMENT ON COLUMN EVENT.SORT_ORDER IS '정렬순서';
COMMENT ON COLUMN EVENT.CREATOR_ID IS '등록자';
COMMENT ON COLUMN EVENT.CREATED_AT IS '등록일시';
COMMENT ON COLUMN EVENT.MODIFIER_ID IS '수정자';
COMMENT ON COLUMN EVENT.MODIFIED_AT IS '수정일시';
COMMENT ON TABLE EVENT IS '이벤트';

-- 이벤트 그룹 테이블
DROP TABLE IF EXISTS EVENT_GROUP CASCADE;

CREATE TABLE EVENT_GROUP
(
    EVENT_GROUP_ID         VARCHAR(10) NOT NULL,
    EVENT_GROUP_NAME       VARCHAR(50) NOT NULL,
    EVENT_GROUP_NAME_I18N  VARCHAR(300) NOT NULL,
    PARENT_EVENT_GROUP_ID  VARCHAR(10) NOT NULL,
    WORKSPACE_ID           VARCHAR(14),
    SORT_ORDER             INTEGER NOT NULL,
    CREATOR_ID             VARCHAR(20) NOT NULL,
    CREATED_AT             TIMESTAMP DEFAULT now(),
    MODIFIER_ID            VARCHAR(20),
    MODIFIED_AT            TIMESTAMP DEFAULT now(),
    CONSTRAINT C_EG_EVENT_GROUP_ID_PK PRIMARY KEY (EVENT_GROUP_ID)
);

COMMENT ON COLUMN EVENT_GROUP.EVENT_GROUP_ID IS '이벤트 그룹아이디';
COMMENT ON COLUMN EVENT_GROUP.EVENT_GROUP_NAME IS '이벤트 그룹 명';
COMMENT ON COLUMN EVENT_GROUP.EVENT_GROUP_NAME_I18N IS '이벤트 그룹 명 국제화';
COMMENT ON COLUMN EVENT_GROUP.PARENT_EVENT_GROUP_ID IS '부모 이벤트 그룹 아이디';
COMMENT ON COLUMN EVENT_GROUP.WORKSPACE_ID IS '작업공간 아이디';
COMMENT ON COLUMN EVENT_GROUP.SORT_ORDER IS '정렬순서';
COMMENT ON COLUMN EVENT_GROUP.CREATOR_ID IS '등록자';
COMMENT ON COLUMN EVENT_GROUP.CREATED_AT IS '등록일시';
COMMENT ON COLUMN EVENT_GROUP.MODIFIER_ID IS '수정자';
COMMENT ON COLUMN EVENT_GROUP.MODIFIED_AT IS '수정일시';
COMMENT ON TABLE EVENT_GROUP IS '이벤트 그룹';

-- 이벤트 그룹 매핑 테이블
DROP TABLE IF EXISTS EVENT_GROUP_MAPPING CASCADE;

CREATE TABLE EVENT_GROUP_MAPPING
(
    EVENT_GROUP_MAPPING_NO BIGINT NOT NULL,
    EVENT_GROUP_ID         VARCHAR(10) NOT NULL,
    EVENT_ID              VARCHAR(10) NOT NULL,
    SORT_ORDER            INTEGER NOT NULL,
    CREATOR_ID            VARCHAR(20) NOT NULL,
    CREATED_AT            TIMESTAMP DEFAULT now(),
    CONSTRAINT C_EGM_EVENT_GROUP_MAPPING_NO_PK PRIMARY KEY (EVENT_GROUP_MAPPING_NO)
);

COMMENT ON COLUMN EVENT_GROUP_MAPPING.EVENT_GROUP_MAPPING_NO IS '이벤트 그룹 연결 번호';
COMMENT ON COLUMN EVENT_GROUP_MAPPING.EVENT_GROUP_ID IS '이벤트 그룹아이디';
COMMENT ON COLUMN EVENT_GROUP_MAPPING.EVENT_ID IS '이벤트 아이디';
COMMENT ON COLUMN EVENT_GROUP_MAPPING.SORT_ORDER IS '정렬순서';
COMMENT ON COLUMN EVENT_GROUP_MAPPING.CREATOR_ID IS '등록자';
COMMENT ON COLUMN EVENT_GROUP_MAPPING.CREATED_AT IS '등록일시';
COMMENT ON TABLE EVENT_GROUP_MAPPING IS '이벤트 그룹 연결';

-- 이벤트 로그 테이블
DROP TABLE IF EXISTS EVENT_LOG CASCADE;

CREATE TABLE EVENT_LOG
(
    EVENT_LOG_NO          BIGSERIAL NOT NULL,
    EVENT_LOG             TEXT,
    WORKSPACE_EVENT_NO    BIGINT NOT NULL,
    WORKSPACE_ID          VARCHAR(14),
    CREATOR_ID            VARCHAR(20) NOT NULL,
    CREATED_AT            TIMESTAMP DEFAULT now(),
    CONSTRAINT C_EVTL_EVENT_LOG_NO_PK PRIMARY KEY (EVENT_LOG_NO)
);

COMMENT ON COLUMN EVENT_LOG.EVENT_LOG_NO IS '이벤트 로그 번호';
COMMENT ON COLUMN EVENT_LOG.EVENT_LOG IS '이벤트 로그';
COMMENT ON COLUMN EVENT_LOG.WORKSPACE_EVENT_NO IS '작업공간 이벤트 번호';
COMMENT ON COLUMN EVENT_LOG.WORKSPACE_ID IS '작업공간 아이디';
COMMENT ON COLUMN EVENT_LOG.CREATOR_ID IS '등록자';
COMMENT ON COLUMN EVENT_LOG.CREATED_AT IS '등록일시';
COMMENT ON TABLE EVENT_LOG IS '이벤트 로그';

-- 회원 테이블
DROP TABLE IF EXISTS MEMBER CASCADE;

CREATE TABLE MEMBER
(
    MEMBER_ID               VARCHAR(14) NOT NULL,
    EMAIL                  VARCHAR(40) NOT NULL,
    USER_NAME              VARCHAR(20) NOT NULL,
    NICK_NAME              VARCHAR(20),
    PASSWORD               VARCHAR(100) NOT NULL,
    DESCRIPTION            VARCHAR(100),
    COMPANY_NAME           VARCHAR(20),
    ROLE_ID                VARCHAR(8),
    CELL_NO1               VARCHAR(3),
    CELL_NO2               VARCHAR(10),
    APPROVAL_YN            CHAR(1) DEFAULT 'N' NOT NULL,
    LOCK_YN                CHAR(1) DEFAULT 'N' NOT NULL,
    EXPIRE_YN              CHAR(1) DEFAULT 'N' NOT NULL,
    USE_YN                 CHAR(1) DEFAULT 'Y' NOT NULL,
    COUNTRY_CODE           VARCHAR(9),
    SERVER_GROUP_ID        VARCHAR(10),
    ACCOUNT_START_DATETIME TIMESTAMP,
    ACCOUNT_END_DATETIME   TIMESTAMP,
    CREATOR_ID             VARCHAR(20) NOT NULL,
    CREATED_AT             TIMESTAMP DEFAULT now(),
    MODIFIER_ID            VARCHAR(20),
    MODIFIED_AT            TIMESTAMP DEFAULT now(),
    CONSTRAINT C_USR_MEMBER_ID_PK PRIMARY KEY (MEMBER_ID)
);

COMMENT ON COLUMN MEMBER.MEMBER_ID IS '회원아이디';
COMMENT ON COLUMN MEMBER.EMAIL IS '이메일';
COMMENT ON COLUMN MEMBER.USER_NAME IS '사용자명';
COMMENT ON COLUMN MEMBER.NICK_NAME IS '사용자별명';
COMMENT ON COLUMN MEMBER.PASSWORD IS '비밀번호';
COMMENT ON COLUMN MEMBER.DESCRIPTION IS '설명';
COMMENT ON COLUMN MEMBER.COMPANY_NAME IS '회사명';
COMMENT ON COLUMN MEMBER.ROLE_ID IS '역할아이디';
COMMENT ON COLUMN MEMBER.CELL_NO1 IS '핸드폰번호1';
COMMENT ON COLUMN MEMBER.CELL_NO2 IS '핸드폰번호2';
COMMENT ON COLUMN MEMBER.APPROVAL_YN IS '승인여부';
COMMENT ON COLUMN MEMBER.LOCK_YN IS '잠김여부';
COMMENT ON COLUMN MEMBER.EXPIRE_YN IS '만료여부';
COMMENT ON COLUMN MEMBER.USE_YN IS '사용여부';
COMMENT ON COLUMN MEMBER.COUNTRY_CODE IS '국가코드';
COMMENT ON COLUMN MEMBER.SERVER_GROUP_ID IS '서버 그룹';
COMMENT ON COLUMN MEMBER.ACCOUNT_START_DATETIME IS '계정 시작 일시';
COMMENT ON COLUMN MEMBER.ACCOUNT_END_DATETIME IS '계정 종료 일시';
COMMENT ON COLUMN MEMBER.CREATOR_ID IS '등록자';
COMMENT ON COLUMN MEMBER.CREATED_AT IS '등록일시';
COMMENT ON COLUMN MEMBER.MODIFIER_ID IS '수정자';
COMMENT ON COLUMN MEMBER.MODIFIED_AT IS '수정일시';
COMMENT ON TABLE MEMBER IS '회원';

-- 측정항목 테이블
DROP TABLE IF EXISTS METRIC CASCADE;

CREATE TABLE METRIC
(
    METRIC_ID               VARCHAR(60) NOT NULL,
    METRIC_NAME             VARCHAR(30),
    METRIC_TYPE             VARCHAR(10),
    METRIC_DATA_TYPE        VARCHAR(10),
    SORT_ORDER             INTEGER NOT NULL,
    VISIBLE_YN             CHAR(1) DEFAULT 'Y' NOT NULL,
    USE_YN                 CHAR(1) DEFAULT 'Y' NOT NULL,
    WIDGET_METRIC_VISIBLE_YN CHAR(1) DEFAULT 'N' NOT NULL,
    WIDGET_METRIC_USE_YN   CHAR(1) DEFAULT 'N' NOT NULL,
    SUM_BY_SENDERS_USE_YN CHAR(1) DEFAULT 'N' NOT NULL,
    AVG_BY_SENDERS_USE_YN CHAR(1) DEFAULT 'N' NOT NULL,
    COUNT_BY_SENDERS_USE_YN CHAR(1) DEFAULT 'N' NOT NULL,
    CREATOR_ID             VARCHAR(20) NOT NULL,
    CREATED_AT             TIMESTAMP DEFAULT now(),
    MODIFIER_ID            VARCHAR(20),
    MODIFIED_AT            TIMESTAMP,
    CONSTRAINT C_MT_METRIC_ID_PK PRIMARY KEY (METRIC_ID)
);

COMMENT ON COLUMN METRIC.METRIC_ID IS '측정항목아이디';
COMMENT ON COLUMN METRIC.METRIC_NAME IS '측정항목명';
COMMENT ON COLUMN METRIC.METRIC_TYPE IS '측정항목유형';
COMMENT ON COLUMN METRIC.METRIC_DATA_TYPE IS '데이터유형';
COMMENT ON COLUMN METRIC.SORT_ORDER IS '정렬순서';
COMMENT ON COLUMN METRIC.VISIBLE_YN IS '측정지표 목록 노출 여부';
COMMENT ON COLUMN METRIC.USE_YN IS '사용여부';
COMMENT ON COLUMN METRIC.WIDGET_METRIC_VISIBLE_YN IS '위젯 측정지표 목록 노출 여부';
COMMENT ON COLUMN METRIC.WIDGET_METRIC_USE_YN IS '위젯 측정지표 사용 여부';
COMMENT ON COLUMN METRIC.SUM_BY_SENDERS_USE_YN IS '전송자별 합계 사용';
COMMENT ON COLUMN METRIC.AVG_BY_SENDERS_USE_YN IS '전송자별 평균 사용';
COMMENT ON COLUMN METRIC.COUNT_BY_SENDERS_USE_YN IS '전송자별 갯수 사용';
COMMENT ON COLUMN METRIC.CREATOR_ID IS '등록자';
COMMENT ON COLUMN METRIC.CREATED_AT IS '등록일시';
COMMENT ON COLUMN METRIC.MODIFIER_ID IS '수정자';
COMMENT ON COLUMN METRIC.MODIFIED_AT IS '수정일시';
COMMENT ON TABLE METRIC IS '측정항목';

-- 측정지표 그룹 테이블
DROP TABLE IF EXISTS METRIC_GROUP CASCADE;

CREATE TABLE METRIC_GROUP
(
    METRIC_GROUP_ID        VARCHAR(10) NOT NULL,
    METRIC_GROUP_NAME      VARCHAR(50) NOT NULL,
    METRIC_GROUP_NAME_I18N VARCHAR(300) NOT NULL,
    PARENT_METRIC_GROUP_ID VARCHAR(10) NOT NULL,
    SORT_ORDER            INTEGER NOT NULL,
    CREATOR_ID            VARCHAR(20) NOT NULL,
    CREATED_AT            TIMESTAMP DEFAULT now(),
    MODIFIER_ID           VARCHAR(20),
    MODIFIED_AT           TIMESTAMP,
    CONSTRAINT C_MG_METRIC_GROUP_ID_PK PRIMARY KEY (METRIC_GROUP_ID)
);

COMMENT ON COLUMN METRIC_GROUP.METRIC_GROUP_ID IS '측정지표 그룹아이디';
COMMENT ON COLUMN METRIC_GROUP.METRIC_GROUP_NAME IS '측정지표 그룹 명';
COMMENT ON COLUMN METRIC_GROUP.METRIC_GROUP_NAME_I18N IS '측정지표 그룹 명 국제화';
COMMENT ON COLUMN METRIC_GROUP.PARENT_METRIC_GROUP_ID IS '부모 측정지표 그룹 아이디';
COMMENT ON COLUMN METRIC_GROUP.SORT_ORDER IS '정렬순서';
COMMENT ON COLUMN METRIC_GROUP.CREATOR_ID IS '등록자';
COMMENT ON COLUMN METRIC_GROUP.CREATED_AT IS '등록일시';
COMMENT ON COLUMN METRIC_GROUP.MODIFIER_ID IS '수정자';
COMMENT ON COLUMN METRIC_GROUP.MODIFIED_AT IS '수정일시';
COMMENT ON TABLE METRIC_GROUP IS '측정 지표 그룹';

-- 측정지표 그룹 매핑 테이블
DROP TABLE IF EXISTS METRIC_GROUP_MAPPING CASCADE;

CREATE TABLE METRIC_GROUP_MAPPING
(
    METRIC_GROUP_MAPPING_NO BIGINT NOT NULL,
    METRIC_GROUP_ID         VARCHAR(10) NOT NULL,
    METRIC_ID              VARCHAR(60) NOT NULL,
    SORT_ORDER            INTEGER NOT NULL,
    CREATOR_ID            VARCHAR(20) NOT NULL,
    CREATED_AT            TIMESTAMP DEFAULT now(),
    CONSTRAINT C_MGM_METRIC_GROUP_MAPPING_NO_PK PRIMARY KEY (METRIC_GROUP_MAPPING_NO)
);

COMMENT ON COLUMN METRIC_GROUP_MAPPING.METRIC_GROUP_MAPPING_NO IS '측정지표 그룹 연결 번호';
COMMENT ON COLUMN METRIC_GROUP_MAPPING.METRIC_GROUP_ID IS '측정지표 그룹아이디';
COMMENT ON COLUMN METRIC_GROUP_MAPPING.METRIC_ID IS '측정항목아이디';
COMMENT ON COLUMN METRIC_GROUP_MAPPING.SORT_ORDER IS '정렬순서';
COMMENT ON COLUMN METRIC_GROUP_MAPPING.CREATOR_ID IS '등록자';
COMMENT ON COLUMN METRIC_GROUP_MAPPING.CREATED_AT IS '등록일시';
COMMENT ON TABLE METRIC_GROUP_MAPPING IS '측정지표 그룹 연결';
-- 알림 테이블
DROP TABLE IF EXISTS NOTIFICATION CASCADE;

CREATE TABLE NOTIFICATION
(
    NOTIFICATION_ID       VARCHAR(10) NOT NULL,
    NOTIFICATION_TYPE_ID  VARCHAR(20),
    WORKSPACE_ID          VARCHAR(14),
    WORKSPACE_ALARM_ID    VARCHAR(10) NOT NULL,
    CREATOR_ID            VARCHAR(20) NOT NULL,
    CREATED_AT            TIMESTAMP DEFAULT now(),
    CONSTRAINT C_NT_NOTIFICATION_ID_PK PRIMARY KEY (NOTIFICATION_ID)
);

COMMENT ON COLUMN NOTIFICATION.NOTIFICATION_ID IS '알림 아이디';
COMMENT ON COLUMN NOTIFICATION.NOTIFICATION_TYPE_ID IS '알림 유형 아이디';
COMMENT ON COLUMN NOTIFICATION.WORKSPACE_ID IS '작업공간 아이디';
COMMENT ON COLUMN NOTIFICATION.WORKSPACE_ALARM_ID IS '작업공간 경보 아이디';
COMMENT ON COLUMN NOTIFICATION.CREATOR_ID IS '등록자';
COMMENT ON COLUMN NOTIFICATION.CREATED_AT IS '등록일시';
COMMENT ON TABLE NOTIFICATION IS '알림';

-- 알림 Kakao 설정 테이블
DROP TABLE IF EXISTS NOTIFICATION_KAKAO_CONFIG CASCADE;

CREATE TABLE NOTIFICATION_KAKAO_CONFIG
(
    NOTIFICATION_KAKAO_CONFIG_ID VARCHAR(10) NOT NULL,
    WORKSPACE_ID                 VARCHAR(14),
    NOTIFICATION_TYPE_ID         VARCHAR(20),
    SETTING_TYPE                 VARCHAR(20) DEFAULT 'ALL' NOT NULL,
    DESCRIPTION                  VARCHAR(100),
    OAUTH_ACCESS_TOKEN           VARCHAR(500),
    WEB_HOOK_URL                 VARCHAR(500),
    RECEIVER_UUIDS               VARCHAR(200),
    SORT_ORDER                   INTEGER DEFAULT 0 NOT NULL,
    USE_YN                       CHAR(1) DEFAULT 'Y' NOT NULL,
    CREATOR_ID                   VARCHAR(20) NOT NULL,
    CREATED_AT                   TIMESTAMP DEFAULT now(),
    MODIFIER_ID                  VARCHAR(20),
    MODIFIED_AT                  TIMESTAMP DEFAULT now(),
    CONSTRAINT C_NKC_NOTIFICATION_KAKAO_CONFIG_ID_PK PRIMARY KEY (NOTIFICATION_KAKAO_CONFIG_ID)
);

COMMENT ON COLUMN NOTIFICATION_KAKAO_CONFIG.NOTIFICATION_KAKAO_CONFIG_ID IS '알림 유형 설정 아이디';
COMMENT ON COLUMN NOTIFICATION_KAKAO_CONFIG.WORKSPACE_ID IS '작업공간 아이디';
COMMENT ON COLUMN NOTIFICATION_KAKAO_CONFIG.NOTIFICATION_TYPE_ID IS '알림 유형 아이디';
COMMENT ON COLUMN NOTIFICATION_KAKAO_CONFIG.SETTING_TYPE IS '설정 유형';
COMMENT ON COLUMN NOTIFICATION_KAKAO_CONFIG.DESCRIPTION IS '설명';
COMMENT ON COLUMN NOTIFICATION_KAKAO_CONFIG.OAUTH_ACCESS_TOKEN IS '엑세스토큰';
COMMENT ON COLUMN NOTIFICATION_KAKAO_CONFIG.WEB_HOOK_URL IS '내용 전달 주소';
COMMENT ON COLUMN NOTIFICATION_KAKAO_CONFIG.RECEIVER_UUIDS IS '수신자 UUIDS';
COMMENT ON COLUMN NOTIFICATION_KAKAO_CONFIG.SORT_ORDER IS '정렬순서';
COMMENT ON COLUMN NOTIFICATION_KAKAO_CONFIG.USE_YN IS '사용 유무';
COMMENT ON COLUMN NOTIFICATION_KAKAO_CONFIG.CREATOR_ID IS '등록자';
COMMENT ON COLUMN NOTIFICATION_KAKAO_CONFIG.CREATED_AT IS '등록일시';
COMMENT ON COLUMN NOTIFICATION_KAKAO_CONFIG.MODIFIER_ID IS '수정자';
COMMENT ON COLUMN NOTIFICATION_KAKAO_CONFIG.MODIFIED_AT IS '수정일시';
COMMENT ON TABLE NOTIFICATION_KAKAO_CONFIG IS '알림 Kakao 설정';

-- 알림 로그 테이블
DROP TABLE IF EXISTS NOTIFICATION_LOG CASCADE;

CREATE TABLE NOTIFICATION_LOG
(
    NOTIFICATION_LOG_NO   BIGINT NOT NULL,
    NOTIFICATION_TYPES    VARCHAR(300),
    WORKSPACE_ID          VARCHAR(14),
    CREATED_AT            TIMESTAMP DEFAULT now(),
    CONSTRAINT C_NL_NOTIFICATION_LOG_NO_PK PRIMARY KEY (NOTIFICATION_LOG_NO)
);

COMMENT ON COLUMN NOTIFICATION_LOG.NOTIFICATION_LOG_NO IS '알림로그번호';
COMMENT ON COLUMN NOTIFICATION_LOG.NOTIFICATION_TYPES IS '알림 유형들';
COMMENT ON COLUMN NOTIFICATION_LOG.WORKSPACE_ID IS '작업공간 아이디';
COMMENT ON COLUMN NOTIFICATION_LOG.CREATED_AT IS '등록일시';
COMMENT ON TABLE NOTIFICATION_LOG IS '알림 로그';

-- 알림 메일 설정 테이블
DROP TABLE IF EXISTS NOTIFICATION_MAIL_CONFIG CASCADE;

CREATE TABLE NOTIFICATION_MAIL_CONFIG
(
    NOTIFICATION_MAIL_CONFIG_ID VARCHAR(10) NOT NULL,
    WORKSPACE_ID                VARCHAR(14),
    NOTIFICATION_TYPE_ID        VARCHAR(20),
    SETTING_TYPE                VARCHAR(20) DEFAULT 'ALL' NOT NULL,
    MAIL_SERVER_NAME            VARCHAR(20),
    SENDER_ADDRESS              VARCHAR(40),
    SENDER_NAME                 VARCHAR(20),
    TITLE_PREFIX                VARCHAR(10),
    MAIL_HOST                   VARCHAR(100),
    MAIL_PORT                   VARCHAR(5),
    MAIL_ACCOUNT                VARCHAR(40),
    MAIL_PASSWORD               VARCHAR(100),
    TLS_USE_YN                  CHAR(1) DEFAULT 'N',
    SORT_ORDER                  INTEGER NOT NULL,
    CREATOR_ID                  VARCHAR(20) NOT NULL,
    CREATED_AT                  TIMESTAMP DEFAULT now(),
    MODIFIER_ID                 VARCHAR(20),
    MODIFIED_AT                 TIMESTAMP DEFAULT now(),
    CONSTRAINT C_NMC_NOTIFICATION_MAIL_CONFIG_ID_PK PRIMARY KEY (NOTIFICATION_MAIL_CONFIG_ID)
);

COMMENT ON COLUMN NOTIFICATION_MAIL_CONFIG.NOTIFICATION_MAIL_CONFIG_ID IS '메일 ID';
COMMENT ON COLUMN NOTIFICATION_MAIL_CONFIG.WORKSPACE_ID IS '작업공간 아이디';
COMMENT ON COLUMN NOTIFICATION_MAIL_CONFIG.NOTIFICATION_TYPE_ID IS '알림 유형 아이디';
COMMENT ON COLUMN NOTIFICATION_MAIL_CONFIG.SETTING_TYPE IS '설정 유형';
COMMENT ON COLUMN NOTIFICATION_MAIL_CONFIG.MAIL_SERVER_NAME IS '메일서버명';
COMMENT ON COLUMN NOTIFICATION_MAIL_CONFIG.SENDER_ADDRESS IS '보낸 사람 주소';
COMMENT ON COLUMN NOTIFICATION_MAIL_CONFIG.SENDER_NAME IS '보낸 사람 메일';
COMMENT ON COLUMN NOTIFICATION_MAIL_CONFIG.TITLE_PREFIX IS '제목 접두어';
COMMENT ON COLUMN NOTIFICATION_MAIL_CONFIG.MAIL_HOST IS '메일 서버 호스트';
COMMENT ON COLUMN NOTIFICATION_MAIL_CONFIG.MAIL_PORT IS '메일 서버 포트';
COMMENT ON COLUMN NOTIFICATION_MAIL_CONFIG.MAIL_ACCOUNT IS '메일 접속 계정';
COMMENT ON COLUMN NOTIFICATION_MAIL_CONFIG.MAIL_PASSWORD IS '메일 접속 비밀번호';
COMMENT ON COLUMN NOTIFICATION_MAIL_CONFIG.TLS_USE_YN IS 'TLS 사용 여부';
COMMENT ON COLUMN NOTIFICATION_MAIL_CONFIG.SORT_ORDER IS '정렬순서';
COMMENT ON COLUMN NOTIFICATION_MAIL_CONFIG.CREATOR_ID IS '등록자';
COMMENT ON COLUMN NOTIFICATION_MAIL_CONFIG.CREATED_AT IS '등록일시';
COMMENT ON COLUMN NOTIFICATION_MAIL_CONFIG.MODIFIER_ID IS '수정자';
COMMENT ON COLUMN NOTIFICATION_MAIL_CONFIG.MODIFIED_AT IS '수정일시';
COMMENT ON TABLE NOTIFICATION_MAIL_CONFIG IS '알림 메일';

-- 알림 메세지 큐 테이블
DROP TABLE IF EXISTS NOTIFICATION_MESSAGE_QUEUE CASCADE;

CREATE TABLE NOTIFICATION_MESSAGE_QUEUE
(
    NOTIFICATION_TYPE_ID    VARCHAR(20),
    NOTIFICATION_QUEUE_NO   BIGINT NOT NULL,
    NOTIFICATION_MESSAGE    TEXT NOT NULL,
    NOTIFICATION_ID         VARCHAR(10),
    FAIL_COUNT              SMALLINT,
    CREATED_AT              TIMESTAMP DEFAULT now(),
    CONSTRAINT C_MEQ_NOTIFICATION_QUEUE_NO_PK PRIMARY KEY (NOTIFICATION_QUEUE_NO)
);

COMMENT ON COLUMN NOTIFICATION_MESSAGE_QUEUE.NOTIFICATION_TYPE_ID IS '알림 유형 아이디';
COMMENT ON COLUMN NOTIFICATION_MESSAGE_QUEUE.NOTIFICATION_QUEUE_NO IS '알림 메세지 큐 번호';
COMMENT ON COLUMN NOTIFICATION_MESSAGE_QUEUE.NOTIFICATION_MESSAGE IS '알림 메세지';
COMMENT ON COLUMN NOTIFICATION_MESSAGE_QUEUE.NOTIFICATION_ID IS '알림 아이디';
COMMENT ON COLUMN NOTIFICATION_MESSAGE_QUEUE.FAIL_COUNT IS '실패 횟수';
COMMENT ON COLUMN NOTIFICATION_MESSAGE_QUEUE.CREATED_AT IS '등록일시';
COMMENT ON TABLE NOTIFICATION_MESSAGE_QUEUE IS '알림 메세지 큐';

-- 알림 수신자 테이블
DROP TABLE IF EXISTS NOTIFICATION_RECIPIENT CASCADE;

CREATE TABLE NOTIFICATION_RECIPIENT
(
    RECIPIENT_NO    INTEGER NOT NULL,
    NOTIFICATION_ID VARCHAR(10) NOT NULL,
    CONSTRAINT C_NTFCR_COMPOSITE1_PK PRIMARY KEY (RECIPIENT_NO, NOTIFICATION_ID)
);

COMMENT ON COLUMN NOTIFICATION_RECIPIENT.RECIPIENT_NO IS '수신자번호';
COMMENT ON COLUMN NOTIFICATION_RECIPIENT.NOTIFICATION_ID IS '알림 아이디';
COMMENT ON TABLE NOTIFICATION_RECIPIENT IS '알림 수신자';

-- 알림 수신자 그룹 테이블
DROP TABLE IF EXISTS NOTIFICATION_RECIPIENT_GROUP CASCADE;

CREATE TABLE NOTIFICATION_RECIPIENT_GROUP
(
    NOTIFICATION_ID     VARCHAR(10) NOT NULL,
    RECIPIENT_GROUP_NO  INTEGER NOT NULL,
    CONSTRAINT C_NTFCRG_COMPOSITE1_PK PRIMARY KEY (NOTIFICATION_ID, RECIPIENT_GROUP_NO)
);

COMMENT ON COLUMN NOTIFICATION_RECIPIENT_GROUP.NOTIFICATION_ID IS '알림 아이디';
COMMENT ON COLUMN NOTIFICATION_RECIPIENT_GROUP.RECIPIENT_GROUP_NO IS '수신자 그룹 번호';
COMMENT ON TABLE NOTIFICATION_RECIPIENT_GROUP IS '알림 수신자그룹';

-- 알림 Slack 설정 테이블
DROP TABLE IF EXISTS NOTIFICATION_SLACK_CONFIG CASCADE;

CREATE TABLE NOTIFICATION_SLACK_CONFIG
(
    NOTIFICATION_SLACK_CONFIG_ID VARCHAR(10) NOT NULL,
    WORKSPACE_ID                VARCHAR(14),
    NOTIFICATION_TYPE_ID        VARCHAR(20),
    SETTING_TYPE                VARCHAR(20) DEFAULT 'ALL' NOT NULL,
    DESCRIPTION                 VARCHAR(100),
    OAUTH_ACCESS_TOKEN          VARCHAR(500),
    BOT_USER_ACCESS_TOKEN      VARCHAR(500),
    CHANNEL_IDS                VARCHAR(200),
    SORT_ORDER                  INTEGER DEFAULT 0 NOT NULL,
    USE_YN                       CHAR(1) DEFAULT 'Y' NOT NULL,
    CREATOR_ID                  VARCHAR(20) NOT NULL,
    CREATED_AT                  TIMESTAMP DEFAULT now(),
    MODIFIER_ID                 VARCHAR(20),
    MODIFIED_AT                 TIMESTAMP DEFAULT now(),
    CONSTRAINT C_NSC_NOTIFICATION_SLACK_CONFIG_ID_PK PRIMARY KEY (NOTIFICATION_SLACK_CONFIG_ID)
);

COMMENT ON COLUMN NOTIFICATION_SLACK_CONFIG.NOTIFICATION_SLACK_CONFIG_ID IS '알림 유형 설정 아이디';
COMMENT ON COLUMN NOTIFICATION_SLACK_CONFIG.WORKSPACE_ID IS '작업공간 아이디';
COMMENT ON COLUMN NOTIFICATION_SLACK_CONFIG.NOTIFICATION_TYPE_ID IS '알림 유형 아이디';
COMMENT ON COLUMN NOTIFICATION_SLACK_CONFIG.SETTING_TYPE IS '설정 유형';
COMMENT ON COLUMN NOTIFICATION_SLACK_CONFIG.DESCRIPTION IS '설명';
COMMENT ON COLUMN NOTIFICATION_SLACK_CONFIG.OAUTH_ACCESS_TOKEN IS '엑세스토큰';
COMMENT ON COLUMN NOTIFICATION_SLACK_CONFIG.BOT_USER_ACCESS_TOKEN IS 'BOT 사용자 엑세스 토큰';
COMMENT ON COLUMN NOTIFICATION_SLACK_CONFIG.CHANNEL_IDS IS '채널 아이디';
COMMENT ON COLUMN NOTIFICATION_SLACK_CONFIG.SORT_ORDER IS '정렬순서';
COMMENT ON COLUMN NOTIFICATION_SLACK_CONFIG.USE_YN IS '사용 유무';
COMMENT ON COLUMN NOTIFICATION_SLACK_CONFIG.CREATOR_ID IS '등록자';
COMMENT ON COLUMN NOTIFICATION_SLACK_CONFIG.CREATED_AT IS '등록일시';
COMMENT ON COLUMN NOTIFICATION_SLACK_CONFIG.MODIFIER_ID IS '수정자';
COMMENT ON COLUMN NOTIFICATION_SLACK_CONFIG.MODIFIED_AT IS '수정일시';
COMMENT ON TABLE NOTIFICATION_SLACK_CONFIG IS '알림 Slack 설정';

-- 알림 유형 테이블
DROP TABLE IF EXISTS NOTIFICATION_TYPE CASCADE;

CREATE TABLE NOTIFICATION_TYPE
(
    NOTIFICATION_TYPE_ID    VARCHAR(20) NOT NULL,
    NOTIFICATION_TYPE_NAME  VARCHAR(30),
    DESCRIPTION             VARCHAR(300),
    SORT_ORDER              INTEGER NOT NULL,
    CREATOR_ID              VARCHAR(20) NOT NULL,
    CREATED_AT              TIMESTAMP DEFAULT now(),
    MODIFIER_ID             VARCHAR(20),
    MODIFIED_AT             TIMESTAMP DEFAULT now(),
    CONSTRAINT C_NTT_NOTIFICATION_ID_PK PRIMARY KEY (NOTIFICATION_TYPE_ID)
);

COMMENT ON COLUMN NOTIFICATION_TYPE.NOTIFICATION_TYPE_ID IS '알림 유형 아이디';
COMMENT ON COLUMN NOTIFICATION_TYPE.NOTIFICATION_TYPE_NAME IS '알림 유형 명';
COMMENT ON COLUMN NOTIFICATION_TYPE.DESCRIPTION IS '설명';
COMMENT ON COLUMN NOTIFICATION_TYPE.SORT_ORDER IS '정렬순서';
COMMENT ON COLUMN NOTIFICATION_TYPE.CREATOR_ID IS '등록자';
COMMENT ON COLUMN NOTIFICATION_TYPE.CREATED_AT IS '등록일시';
COMMENT ON COLUMN NOTIFICATION_TYPE.MODIFIER_ID IS '수정자';
COMMENT ON COLUMN NOTIFICATION_TYPE.MODIFIED_AT IS '수정일시';
COMMENT ON TABLE NOTIFICATION_TYPE IS '알림 유형';

        -- 수신자 테이블
DROP TABLE IF EXISTS RECIPIENT CASCADE;

CREATE TABLE RECIPIENT
(
    RECIPIENT_NO         INTEGER NOT NULL,
    WORKSPACE_ID         VARCHAR(14),
    RECIPIENT_NAME       VARCHAR(20) NOT NULL,
    CELL_NO             VARCHAR(12) NOT NULL,
    EMAIL               VARCHAR(30) NOT NULL,
    NOTIFICATION_TYPE_ID VARCHAR(20),
    USE_YN              CHAR(1) DEFAULT 'Y' NOT NULL,
    CREATOR_ID          VARCHAR(20) NOT NULL,
    CREATED_AT          TIMESTAMP DEFAULT now(),
    MODIFIER_ID         VARCHAR(20),
    MODIFIED_AT         TIMESTAMP DEFAULT now(),
    CONSTRAINT C_RECIPIENT_NO_PK PRIMARY KEY (RECIPIENT_NO)
);

COMMENT ON COLUMN RECIPIENT.RECIPIENT_NO IS '수신자번호';
COMMENT ON COLUMN RECIPIENT.WORKSPACE_ID IS '작업공간 아이디';
COMMENT ON COLUMN RECIPIENT.RECIPIENT_NAME IS '수신자명';
COMMENT ON COLUMN RECIPIENT.CELL_NO IS '휴대폰번호';
COMMENT ON COLUMN RECIPIENT.EMAIL IS '이메일';
COMMENT ON COLUMN RECIPIENT.NOTIFICATION_TYPE_ID IS '알림 유형 아이디';
COMMENT ON COLUMN RECIPIENT.USE_YN IS '사용 유무';
COMMENT ON COLUMN RECIPIENT.CREATOR_ID IS '등록자';
COMMENT ON COLUMN RECIPIENT.CREATED_AT IS '등록일시';
COMMENT ON COLUMN RECIPIENT.MODIFIER_ID IS '수정자';
COMMENT ON COLUMN RECIPIENT.MODIFIED_AT IS '수정일시';
COMMENT ON TABLE RECIPIENT IS '수신자';

-- 수신자 그룹 테이블
DROP TABLE IF EXISTS RECIPIENT_GROUP CASCADE;

CREATE TABLE RECIPIENT_GROUP
(
    RECIPIENT_GROUP_NO   INTEGER NOT NULL,
    RECIPIENT_GROUP_NAME VARCHAR(30) NOT NULL,
    WORKSPACE_ID         VARCHAR(14) NOT NULL,
    CREATOR_ID           VARCHAR(20) NOT NULL,
    CREATED_AT           TIMESTAMP DEFAULT now(),
    MODIFIER_ID          VARCHAR(20),
    MODIFIED_AT          TIMESTAMP DEFAULT now(),
    CONSTRAINT C_RECIPIENT_GROUP_NO_PK PRIMARY KEY (RECIPIENT_GROUP_NO)
);

COMMENT ON COLUMN RECIPIENT_GROUP.RECIPIENT_GROUP_NO IS '수신자 그룹 번호';
COMMENT ON COLUMN RECIPIENT_GROUP.RECIPIENT_GROUP_NAME IS '수신자 그룹 명';
COMMENT ON COLUMN RECIPIENT_GROUP.WORKSPACE_ID IS '작업공간 아이디';
COMMENT ON COLUMN RECIPIENT_GROUP.CREATOR_ID IS '등록자';
COMMENT ON COLUMN RECIPIENT_GROUP.CREATED_AT IS '등록일시';
COMMENT ON COLUMN RECIPIENT_GROUP.MODIFIER_ID IS '수정자';
COMMENT ON COLUMN RECIPIENT_GROUP.MODIFIED_AT IS '수정일시';
COMMENT ON TABLE RECIPIENT_GROUP IS '수신자 그룹';

-- 수신자 그룹 수신자 테이블
DROP TABLE IF EXISTS RECIPIENT_GROUP_RECIPIENT CASCADE;

CREATE TABLE RECIPIENT_GROUP_RECIPIENT
(
    RECIPIENT_GROUP_NO INTEGER NOT NULL,
    RECIPIENT_NO       INTEGER NOT NULL,
    WORKSPACE_ID      VARCHAR(14),
    CONSTRAINT C_RECIPIENT_GROUP_RECIPIENT_PK PRIMARY KEY (RECIPIENT_GROUP_NO, RECIPIENT_NO)
);

COMMENT ON COLUMN RECIPIENT_GROUP_RECIPIENT.RECIPIENT_GROUP_NO IS '수신자 그룹 번호';
COMMENT ON COLUMN RECIPIENT_GROUP_RECIPIENT.RECIPIENT_NO IS '수신자번호';
COMMENT ON COLUMN RECIPIENT_GROUP_RECIPIENT.WORKSPACE_ID IS '작업공간 아이디';
COMMENT ON TABLE RECIPIENT_GROUP_RECIPIENT IS '수신자 그룹 수신자';

-- 역할 테이블
DROP TABLE IF EXISTS ROLE CASCADE;

CREATE TABLE ROLE
(
    ROLE_ID          VARCHAR(8) NOT NULL,
    ROLE_NAME        VARCHAR(20) NOT NULL,
    ROLE_NAME_I18N   VARCHAR(300),
    ROLE_TYPE        VARCHAR(8) NOT NULL,
    WRITE_YN         CHAR(1) DEFAULT 'Y' NOT NULL,
    READ_YN          CHAR(1) DEFAULT 'Y' NOT NULL,
    USE_YN           CHAR(1) NOT NULL,
    DESCRIPTION      VARCHAR(100),
    CREATOR_ID       VARCHAR(20) NOT NULL,
    CREATED_AT       TIMESTAMP DEFAULT now(),
    MODIFIER_ID      VARCHAR(20),
    MODIFIED_AT      TIMESTAMP DEFAULT now(),
    CONSTRAINT C_ROLE_ID_PK PRIMARY KEY (ROLE_ID)
);

COMMENT ON COLUMN ROLE.ROLE_ID IS '역할아이디';
COMMENT ON COLUMN ROLE.ROLE_NAME IS '역할명';
COMMENT ON COLUMN ROLE.ROLE_NAME_I18N IS '역할명 국제화';
COMMENT ON COLUMN ROLE.ROLE_TYPE IS '역할 유형';
COMMENT ON COLUMN ROLE.WRITE_YN IS '쓰기권한여부';
COMMENT ON COLUMN ROLE.READ_YN IS '읽기권한여부';
COMMENT ON COLUMN ROLE.USE_YN IS '사용여부';
COMMENT ON COLUMN ROLE.DESCRIPTION IS '설명';
COMMENT ON COLUMN ROLE.CREATOR_ID IS '등록자';
COMMENT ON COLUMN ROLE.CREATED_AT IS '등록일시';
COMMENT ON COLUMN ROLE.MODIFIER_ID IS '수정자';
COMMENT ON COLUMN ROLE.MODIFIED_AT IS '수정일시';
COMMENT ON TABLE ROLE IS '역할';

-- 작업 공간 테이블
DROP TABLE IF EXISTS WORKSPACE CASCADE;

CREATE TABLE WORKSPACE
(
    WORKSPACE_ID   VARCHAR(14) NOT NULL,
    WORKSPACE_NAME VARCHAR(40),
    OWER_ID        VARCHAR(14),
    SORT_ORDER     INTEGER NOT NULL,
    CREATOR_ID     VARCHAR(20) NOT NULL,
    CREATED_AT     TIMESTAMP DEFAULT now(),
    MODIFIER_ID    VARCHAR(20),
    MODIFIED_AT    TIMESTAMP DEFAULT now(),
    CONSTRAINT C_WORKSPACE_ID_PK PRIMARY KEY (WORKSPACE_ID)
);

COMMENT ON COLUMN WORKSPACE.WORKSPACE_ID IS '작업공간 아이디';
COMMENT ON COLUMN WORKSPACE.WORKSPACE_NAME IS '작업공간 명';
COMMENT ON COLUMN WORKSPACE.OWER_ID IS '소유자 아이디';
COMMENT ON COLUMN WORKSPACE.SORT_ORDER IS '정렬순서';
COMMENT ON COLUMN WORKSPACE.CREATOR_ID IS '등록자';
COMMENT ON COLUMN WORKSPACE.CREATED_AT IS '등록일시';
COMMENT ON COLUMN WORKSPACE.MODIFIER_ID IS '수정자';
COMMENT ON COLUMN WORKSPACE.MODIFIED_AT IS '수정일시';
COMMENT ON TABLE WORKSPACE IS '작업 공간';

-- 작업 공간 경보 테이블
DROP TABLE IF EXISTS WORKSPACE_ALARM CASCADE;

CREATE TABLE WORKSPACE_ALARM
(
    WORKSPACE_ALARM_ID VARCHAR(10) NOT NULL,
    WORKSPACE_ID      VARCHAR(14),
    ALARM_NO          SERIAL NOT NULL,
    VISIBLE_YN        CHAR(1) DEFAULT 'Y' NOT NULL,
    USE_YN            CHAR(1) DEFAULT 'Y' NOT NULL,
    DESCRIPTION       VARCHAR(500),
    CREATOR_ID        VARCHAR(20) NOT NULL,
    CREATED_AT        TIMESTAMP DEFAULT now(),
    MODIFIER_ID       VARCHAR(20),
    MODIFIED_AT       TIMESTAMP DEFAULT now(),
    CONSTRAINT C_WORKSPACE_ALARM_ID_PK PRIMARY KEY (WORKSPACE_ALARM_ID)
);

COMMENT ON COLUMN WORKSPACE_ALARM.WORKSPACE_ALARM_ID IS '작업공간 경보 아이디';
COMMENT ON COLUMN WORKSPACE_ALARM.WORKSPACE_ID IS '작업공간 아이디';
COMMENT ON COLUMN WORKSPACE_ALARM.ALARM_NO IS '경보 번호';
COMMENT ON COLUMN WORKSPACE_ALARM.VISIBLE_YN IS '화면 노출 여부';
COMMENT ON COLUMN WORKSPACE_ALARM.USE_YN IS '사용여부';
COMMENT ON COLUMN WORKSPACE_ALARM.DESCRIPTION IS '설명';
COMMENT ON COLUMN WORKSPACE_ALARM.CREATOR_ID IS '등록자';
COMMENT ON COLUMN WORKSPACE_ALARM.CREATED_AT IS '등록일시';
COMMENT ON COLUMN WORKSPACE_ALARM.MODIFIER_ID IS '수정자';
COMMENT ON COLUMN WORKSPACE_ALARM.MODIFIED_AT IS '수정일시';
COMMENT ON TABLE WORKSPACE_ALARM IS '작업공간 경보';

-- 작업 공간 이벤트 테이블
DROP TABLE IF EXISTS WORKSPACE_EVENT CASCADE;

CREATE TABLE WORKSPACE_EVENT
(
    WORKSPACE_EVENT_NO BIGINT NOT NULL,
    WORKSPACE_ID      VARCHAR(14),
    EVENT_ID          VARCHAR(10),
    EVENT_GROUP_MAPPING_NO BIGINT,
    ALARM_REFERENCE   CHAR(1) DEFAULT 'Y' NOT NULL,
    VISIBLE_YN        CHAR(1) NOT NULL,
    USE_YN            CHAR(1) DEFAULT 'Y' NOT NULL,
    DESCRIPTION       VARCHAR(500),
    CREATOR_ID        VARCHAR(20) NOT NULL,
    CREATED_AT        TIMESTAMP DEFAULT now(),
    MODIFIER_ID       VARCHAR(20),
    MODIFIED_AT       TIMESTAMP DEFAULT now(),
    CONSTRAINT C_WORKSPACE_EVENT_NO_PK PRIMARY KEY (WORKSPACE_EVENT_NO)
);

COMMENT ON COLUMN WORKSPACE_EVENT.WORKSPACE_EVENT_NO IS '작업공간 이벤트 번호';
COMMENT ON COLUMN WORKSPACE_EVENT.WORKSPACE_ID IS '작업공간 아이디';
COMMENT ON COLUMN WORKSPACE_EVENT.EVENT_ID IS '이벤트 아이디';
COMMENT ON COLUMN WORKSPACE_EVENT.EVENT_GROUP_MAPPING_NO IS '이벤트 그룹 연결 번호';
COMMENT ON COLUMN WORKSPACE_EVENT.ALARM_REFERENCE IS '경보 항목 노출 여부';
COMMENT ON COLUMN WORKSPACE_EVENT.VISIBLE_YN IS '화면 노출 여부';
COMMENT ON COLUMN WORKSPACE_EVENT.USE_YN IS '사용여부';
COMMENT ON COLUMN WORKSPACE_EVENT.DESCRIPTION IS '설명';
COMMENT ON COLUMN WORKSPACE_EVENT.CREATOR_ID IS '등록자';
COMMENT ON COLUMN WORKSPACE_EVENT.CREATED_AT IS '등록일시';
COMMENT ON COLUMN WORKSPACE_EVENT.MODIFIER_ID IS '수정자';
COMMENT ON COLUMN WORKSPACE_EVENT.MODIFIED_AT IS '수정일시';
COMMENT ON TABLE WORKSPACE_EVENT IS '작업공간이벤트';

-- 작업 공간 참여자 테이블
DROP TABLE IF EXISTS WORKSPACE_MEMBER CASCADE;

CREATE TABLE WORKSPACE_MEMBER
(
    WORKSPACE_MEMBER_ID BIGSERIAL NOT NULL,
    WORKSPACE_ID        VARCHAR(14),
    MEMBER_ID           VARCHAR(14) NOT NULL,
    ROLE_ID             VARCHAR(8) NOT NULL,
    CREATOR_ID          VARCHAR(20) NOT NULL,
    CREATED_AT          TIMESTAMP DEFAULT now(),
    CONSTRAINT C_WORKSPACE_MEMBER_ID_PK PRIMARY KEY (WORKSPACE_MEMBER_ID)
);

COMMENT ON COLUMN WORKSPACE_MEMBER.WORKSPACE_MEMBER_ID IS '작업공간 참여자 아이디';
COMMENT ON COLUMN WORKSPACE_MEMBER.WORKSPACE_ID IS '작업공간 아이디';
COMMENT ON COLUMN WORKSPACE_MEMBER.MEMBER_ID IS '회원아이디';
COMMENT ON COLUMN WORKSPACE_MEMBER.ROLE_ID IS '역할아이디';
COMMENT ON COLUMN WORKSPACE_MEMBER.CREATOR_ID IS '등록자';
COMMENT ON COLUMN WORKSPACE_MEMBER.CREATED_AT IS '등록일시';
COMMENT ON TABLE WORKSPACE_MEMBER IS '작업공간 참여자';



INSERT INTO public.code_group
(code_group_id, code_group_name, description, sort_order, system_code_yn, use_yn, del_yn, creator_id, created_at, modifier_id, modified_at)
VALUES('CAC001', '캐시 조건 등록 위치', '캐시 조건 등록 위치', 0, 'Y', 'Y', 'N', 'SYSTEM', '2020-12-10 11:19:33.000', NULL, NULL);
INSERT INTO public.code_group
(code_group_id, code_group_name, description, sort_order, system_code_yn, use_yn, del_yn, creator_id, created_at, modifier_id, modified_at)
VALUES('CAC002', '캐시 엔진 유형', '캐시 엔진 유형', 0, 'Y', 'Y', 'N', 'SYSTEM', '2020-12-10 11:19:33.000', NULL, NULL);
INSERT INTO public.code_group
(code_group_id, code_group_name, description, sort_order, system_code_yn, use_yn, del_yn, creator_id, created_at, modifier_id, modified_at)
VALUES('DBT000', '데이타베이스종류', '데이타베이스종류', 0, 'Y', 'Y', 'N', 'SYSTEM', '2021-07-13 14:52:55.023', 'SYSTEM', '2021-07-13 14:52:55.023');
INSERT INTO public.code_group
(code_group_id, code_group_name, description, sort_order, system_code_yn, use_yn, del_yn, creator_id, created_at, modifier_id, modified_at)
VALUES('DPY001', 'SLOT 유형', 'SLOT 유형', 0, 'Y', 'Y', 'N', 'SYSTEM', '2021-03-18 13:50:24.792', NULL, NULL);
INSERT INTO public.code_group
(code_group_id, code_group_name, description, sort_order, system_code_yn, use_yn, del_yn, creator_id, created_at, modifier_id, modified_at)
VALUES('DPY002', '설정 유형', '설정 유형', 0, 'Y', 'Y', 'N', 'SYSTEM', '2021-03-18 13:50:24.792', NULL, NULL);
INSERT INTO public.code_group
(code_group_id, code_group_name, description, sort_order, system_code_yn, use_yn, del_yn, creator_id, created_at, modifier_id, modified_at)
VALUES('DPY003', '하위 SLOT 유형', '하위 SLOT 유형', 0, 'Y', 'Y', 'N', 'SYSTEM', '2021-03-18 13:50:24.792', NULL, NULL);
INSERT INTO public.code_group
(code_group_id, code_group_name, description, sort_order, system_code_yn, use_yn, del_yn, creator_id, created_at, modifier_id, modified_at)
VALUES('DPY004', '차트 유형', '차트 유형', 0, 'Y', 'Y', 'N', 'SYSTEM', '2021-12-17 14:34:02.262', NULL, NULL);
INSERT INTO public.code_group
(code_group_id, code_group_name, description, sort_order, system_code_yn, use_yn, del_yn, creator_id, created_at, modifier_id, modified_at)
VALUES('MEU001', '메뉴 유형', '메뉴 유형', 0, 'Y', 'Y', 'N', 'SYSTEM', '2020-12-10 11:19:33.000', NULL, NULL);
INSERT INTO public.code_group
(code_group_id, code_group_name, description, sort_order, system_code_yn, use_yn, del_yn, creator_id, created_at, modifier_id, modified_at)
VALUES('MTR000', '측정항목지표유형', '측정항목지표유형', 1, 'Y', 'Y', 'N', 'SYSTEM', '2020-12-10 11:19:33.355', 'SYSTEM', '2020-12-10 11:19:33.355');
INSERT INTO public.code_group
(code_group_id, code_group_name, description, sort_order, system_code_yn, use_yn, del_yn, creator_id, created_at, modifier_id, modified_at)
VALUES('MTR001', '측정단위', '측정단위', 0, 'Y', 'Y', 'N', 'SYSTEM', '2020-12-10 11:19:33.000', 'SYSTEM', NULL);
INSERT INTO public.code_group
(code_group_id, code_group_name, description, sort_order, system_code_yn, use_yn, del_yn, creator_id, created_at, modifier_id, modified_at)
VALUES('MTR002', '측정항목 데이터 유형', '측정항목 데이터 유형', 0, 'Y', 'Y', 'N', 'SYSTEM', '2021-04-06 17:05:04.551', NULL, NULL);
INSERT INTO public.code_group
(code_group_id, code_group_name, description, sort_order, system_code_yn, use_yn, del_yn, creator_id, created_at, modifier_id, modified_at)
VALUES('MTR003', '측정대상', '측정대상', 0, 'Y', 'Y', 'N', 'SYSTEM', '2021-07-13 14:52:55.023', 'SYSTEM', '2021-07-13 14:52:55.023');
INSERT INTO public.code_group
(code_group_id, code_group_name, description, sort_order, system_code_yn, use_yn, del_yn, creator_id, created_at, modifier_id, modified_at)
VALUES('MTR004', '측정항목집계유형', '측정항목집계유형', 0, 'Y', 'Y', 'N', 'SYSTEM', '2021-07-13 14:52:55.023', 'SYSTEM', '2021-07-13 14:52:55.023');
INSERT INTO public.code_group
(code_group_id, code_group_name, description, sort_order, system_code_yn, use_yn, del_yn, creator_id, created_at, modifier_id, modified_at)
VALUES('MTR005', '수집 서버 측정지표 연산 유형', '수집 서버 측정지표 연산 유형', 0, 'Y', 'Y', 'N', 'SYSTEM', '2022-01-12 13:02:31.751', 'SYSTEM', NULL);
INSERT INTO public.code_group
(code_group_id, code_group_name, description, sort_order, system_code_yn, use_yn, del_yn, creator_id, created_at, modifier_id, modified_at)
VALUES('NTI001', '알림수단유형', '알림수단유형', 0, 'Y', 'Y', 'N', 'SYSTEM', '2020-12-10 11:19:33.000', NULL, NULL);
INSERT INTO public.code_group
(code_group_id, code_group_name, description, sort_order, system_code_yn, use_yn, del_yn, creator_id, created_at, modifier_id, modified_at)
VALUES('NTI002', '알림유형', '알림유형', 0, 'Y', 'Y', 'N', 'SYSTEM', '2020-12-10 11:19:33.000', NULL, NULL);
INSERT INTO public.code_group
(code_group_id, code_group_name, description, sort_order, system_code_yn, use_yn, del_yn, creator_id, created_at, modifier_id, modified_at)
VALUES('NTI003', '알림위험상태', '알림위험상태', 0, 'Y', 'Y', 'N', 'SYSTEM', '2020-12-10 11:19:33.000', NULL, NULL);
INSERT INTO public.code_group
(code_group_id, code_group_name, description, sort_order, system_code_yn, use_yn, del_yn, creator_id, created_at, modifier_id, modified_at)
VALUES('NTI004', '변수값타입', '변수값타입(알림제외)', 0, 'Y', 'Y', 'N', 'SYSTEM', '2021-04-06 17:05:04.551', NULL, NULL);
INSERT INTO public.code_group
(code_group_id, code_group_name, description, sort_order, system_code_yn, use_yn, del_yn, creator_id, created_at, modifier_id, modified_at)
VALUES('NTI005', '알림등록주기단위', '알림등록주기단위', 0, 'Y', 'Y', 'N', 'SYSTEM', '2021-04-06 17:05:04.551', NULL, NULL);
INSERT INTO public.code_group
(code_group_id, code_group_name, description, sort_order, system_code_yn, use_yn, del_yn, creator_id, created_at, modifier_id, modified_at)
VALUES('SYS003', '그룹 연결 유형', '그룹 연결 유형', 0, 'Y', 'Y', 'N', 'SYSTEM', '2020-12-10 11:19:33.000', NULL, NULL);
INSERT INTO public.code_group
(code_group_id, code_group_name, description, sort_order, system_code_yn, use_yn, del_yn, creator_id, created_at, modifier_id, modified_at)
VALUES('SYS004', '프로그램유형', '프로그램유형', 0, 'Y', 'Y', 'N', 'SYSTEM', '2020-12-10 11:19:33.000', NULL, NULL);
INSERT INTO public.code_group
(code_group_id, code_group_name, description, sort_order, system_code_yn, use_yn, del_yn, creator_id, created_at, modifier_id, modified_at)
VALUES('SYS006', '서비스 그룹 코드', '서비스 그룹 코드', 0, 'Y', 'Y', 'N', 'SYSTEM', '2020-12-10 11:19:33.000', NULL, NULL);
INSERT INTO public.code_group
(code_group_id, code_group_name, description, sort_order, system_code_yn, use_yn, del_yn, creator_id, created_at, modifier_id, modified_at)
VALUES('MTR006', '측정 지표 위치', '측정 지표 위치', 0, 'Y', 'Y', 'N', 'SYSTEM', '2022-01-12 13:02:31.751', 'SYSTEM', NULL);

INSERT INTO public.code
(code_group_id, code_id, code_name, code_add_value1, code_add_value2, code_add_value3, description, sort_order, use_yn, del_yn, creator_id, created_at, modifier_id, modified_at)
VALUES('NTI002', 'NTI002001', '어플리케이션 성능 알림', '', '', '', '어플리케이션', 1, 'Y', 'N', 'SYSTEM', '2020-12-10 11:38:19.782', 'SYSTEM', '2020-12-10 11:38:19.782');
INSERT INTO public.code
(code_group_id, code_id, code_name, code_add_value1, code_add_value2, code_add_value3, description, sort_order, use_yn, del_yn, creator_id, created_at, modifier_id, modified_at)
VALUES('NTI002', 'NTI002002', '에이전트 중단 알림', '', '', '', '공통알림', 1, 'Y', 'N', 'SYSTEM', '2020-12-10 11:38:19.782', 'SYSTEM', '2020-12-10 11:38:19.782');
INSERT INTO public.code
(code_group_id, code_id, code_name, code_add_value1, code_add_value2, code_add_value3, description, sort_order, use_yn, del_yn, creator_id, created_at, modifier_id, modified_at)
VALUES('DPY001', 'DPY001003', '사용자 정의 위젯', NULL, NULL, NULL, '사용자 정의 위젯', 3, 'Y', 'N', 'SYSTEM', '2021-03-18 13:56:31.362', NULL, NULL);
INSERT INTO public.code
(code_group_id, code_id, code_name, code_add_value1, code_add_value2, code_add_value3, description, sort_order, use_yn, del_yn, creator_id, created_at, modifier_id, modified_at)
VALUES('MTR004', 'MTR004000', '없음', NULL, NULL, NULL, '없음', 0, 'Y', 'N', 'SYSTEM', '2021-07-13 14:52:55.023', 'SYSTEM', '2021-07-13 14:52:55.023');
INSERT INTO public.code
(code_group_id, code_id, code_name, code_add_value1, code_add_value2, code_add_value3, description, sort_order, use_yn, del_yn, creator_id, created_at, modifier_id, modified_at)
VALUES('MTR005', 'MTR005001', '없음', NULL, NULL, NULL, '없음', 0, 'Y', 'N', 'SYSTEM', '2021-07-13 14:52:55.023', 'SYSTEM', '2021-07-13 14:52:55.023');
INSERT INTO public.code
(code_group_id, code_id, code_name, code_add_value1, code_add_value2, code_add_value3, description, sort_order, use_yn, del_yn, creator_id, created_at, modifier_id, modified_at)
VALUES('NTI001', 'NTI001001', '사이트', '', '', '', '사이트', 1, 'Y', 'N', 'SYSTEM', '2020-12-10 11:38:19.782', 'SYSTEM', '2020-12-10 11:38:19.782');
INSERT INTO public.code
(code_group_id, code_id, code_name, code_add_value1, code_add_value2, code_add_value3, description, sort_order, use_yn, del_yn, creator_id, created_at, modifier_id, modified_at)
VALUES('NTI001', 'NTI001002', 'e-mail ', '', '', '', 'e-mail', 1, 'Y', 'N', 'SYSTEM', '2020-12-10 11:38:19.782', 'SYSTEM', '2020-12-10 11:38:19.782');
INSERT INTO public.code
(code_group_id, code_id, code_name, code_add_value1, code_add_value2, code_add_value3, description, sort_order, use_yn, del_yn, creator_id, created_at, modifier_id, modified_at)
VALUES('NTI001', 'NTI001003', 'sms', '', '', '', 'sms', 1, 'Y', 'N', 'SYSTEM', '2020-12-10 11:38:19.782', 'SYSTEM', '2020-12-10 11:38:19.782');
INSERT INTO public.code
(code_group_id, code_id, code_name, code_add_value1, code_add_value2, code_add_value3, description, sort_order, use_yn, del_yn, creator_id, created_at, modifier_id, modified_at)
VALUES('NTI003', 'NTI003001', '경고', '', '', '', '경고', 1, 'Y', 'N', 'SYSTEM', '2020-12-10 11:38:19.782', 'SYSTEM', '2020-12-10 11:38:19.782');
INSERT INTO public.code
(code_group_id, code_id, code_name, code_add_value1, code_add_value2, code_add_value3, description, sort_order, use_yn, del_yn, creator_id, created_at, modifier_id, modified_at)
VALUES('NTI003', 'NTI003002', '위험', '', '', '', '위험', 1, 'Y', 'N', 'SYSTEM', '2020-12-10 11:38:19.782', 'SYSTEM', '2020-12-10 11:38:19.782');
INSERT INTO public.code
(code_group_id, code_id, code_name, code_add_value1, code_add_value2, code_add_value3, description, sort_order, use_yn, del_yn, creator_id, created_at, modifier_id, modified_at)
VALUES('NTI004', 'NTI004001', '에이전트', NULL, NULL, NULL, '에이전트', 1, 'Y', 'N', 'SYSTEM', '2021-04-06 17:04:51.652', NULL, NULL);
INSERT INTO public.code
(code_group_id, code_id, code_name, code_add_value1, code_add_value2, code_add_value3, description, sort_order, use_yn, del_yn, creator_id, created_at, modifier_id, modified_at)
VALUES('NTI004', 'NTI004002', '데이타소스', NULL, NULL, NULL, '데이타소스', 1, 'Y', 'N', 'SYSTEM', '2021-04-06 17:04:51.681', NULL, NULL);
INSERT INTO public.code
(code_group_id, code_id, code_name, code_add_value1, code_add_value2, code_add_value3, description, sort_order, use_yn, del_yn, creator_id, created_at, modifier_id, modified_at)
VALUES('NTI005', 'NTI005001', '분', NULL, NULL, NULL, '분', 1, 'Y', 'N', 'SYSTEM', '2021-04-06 17:04:51.681', NULL, NULL);
INSERT INTO public.code
(code_group_id, code_id, code_name, code_add_value1, code_add_value2, code_add_value3, description, sort_order, use_yn, del_yn, creator_id, created_at, modifier_id, modified_at)
VALUES('NTI005', 'NTI005002', '시간', NULL, NULL, NULL, '시간', 1, 'Y', 'N', 'SYSTEM', '2021-04-06 17:04:51.681', NULL, NULL);
INSERT INTO public.code
(code_group_id, code_id, code_name, code_add_value1, code_add_value2, code_add_value3, description, sort_order, use_yn, del_yn, creator_id, created_at, modifier_id, modified_at)
VALUES('SYS003', 'SYS003001', '서비스 그룹', NULL, NULL, NULL, '서비스 그룹', 0, 'Y', 'N', 'SYSTEM', '2020-12-10 11:38:19.000', NULL, NULL);
INSERT INTO public.code
(code_group_id, code_id, code_name, code_add_value1, code_add_value2, code_add_value3, description, sort_order, use_yn, del_yn, creator_id, created_at, modifier_id, modified_at)
VALUES('SYS003', 'SYS003002', '캐시 엔진 그룹', NULL, NULL, NULL, '캐시 엔진 그룹', 0, 'Y', 'N', 'SYSTEM', '2020-12-10 11:38:19.000', NULL, NULL);
INSERT INTO public.code
(code_group_id, code_id, code_name, code_add_value1, code_add_value2, code_add_value3, description, sort_order, use_yn, del_yn, creator_id, created_at, modifier_id, modified_at)
VALUES('SYS004', 'SYS004001', '화면(페이지)', NULL, NULL, NULL, '화면(페이지)', 0, 'Y', 'N', 'SYSTEM', '2020-12-10 11:38:19.000', NULL, NULL);
INSERT INTO public.code
(code_group_id, code_id, code_name, code_add_value1, code_add_value2, code_add_value3, description, sort_order, use_yn, del_yn, creator_id, created_at, modifier_id, modified_at)
VALUES('SYS004', 'SYS004002', '팝업화면(페이지)', NULL, NULL, NULL, '팝업화면(페이지)', 0, 'Y', 'N', 'SYSTEM', '2020-12-10 11:38:19.000', NULL, NULL);
INSERT INTO public.code
(code_group_id, code_id, code_name, code_add_value1, code_add_value2, code_add_value3, description, sort_order, use_yn, del_yn, creator_id, created_at, modifier_id, modified_at)
VALUES('SYS006', 'SYS004003', '일반(Action URL)', NULL, NULL, NULL, '일반(Action URL)', 0, 'Y', 'N', 'SYSTEM', '2020-12-10 11:38:19.000', NULL, NULL);
INSERT INTO public.code
(code_group_id, code_id, code_name, code_add_value1, code_add_value2, code_add_value3, description, sort_order, use_yn, del_yn, creator_id, created_at, modifier_id, modified_at)
VALUES('SYS006', 'SYS006001', 'WAS', NULL, NULL, NULL, 'WAS', 0, 'Y', 'N', 'SYSTEM', '2020-12-10 11:38:19.000', NULL, NULL);
INSERT INTO public.code
(code_group_id, code_id, code_name, code_add_value1, code_add_value2, code_add_value3, description, sort_order, use_yn, del_yn, creator_id, created_at, modifier_id, modified_at)
VALUES('SYS006', 'SYS006002', 'Cache', NULL, NULL, NULL, 'Cache', 0, 'Y', 'N', 'SYSTEM', '2020-12-10 11:38:19.000', NULL, NULL);
INSERT INTO public.code
(code_group_id, code_id, code_name, code_add_value1, code_add_value2, code_add_value3, description, sort_order, use_yn, del_yn, creator_id, created_at, modifier_id, modified_at)
VALUES('SYS006', 'SYS006003', 'OS', NULL, NULL, NULL, 'OS', 0, 'Y', 'N', 'SYSTEM', '2020-12-10 11:38:19.000', NULL, NULL);
INSERT INTO public.code
(code_group_id, code_id, code_name, code_add_value1, code_add_value2, code_add_value3, description, sort_order, use_yn, del_yn, creator_id, created_at, modifier_id, modified_at)
VALUES('SYS006', 'SYS006004', 'DB', NULL, NULL, NULL, 'DB', 0, 'Y', 'N', 'SYSTEM', '2020-12-10 11:38:19.000', NULL, NULL);
INSERT INTO public.code
(code_group_id, code_id, code_name, code_add_value1, code_add_value2, code_add_value3, description, sort_order, use_yn, del_yn, creator_id, created_at, modifier_id, modified_at)
VALUES('CAC001', 'CAC001001', 'AGENT(에이전트에서 변경)', NULL, NULL, NULL, 'AGENT(에이전트에서 변경)', 0, 'Y', 'N', 'SYSTEM', '2020-12-10 11:38:19.000', NULL, NULL);
INSERT INTO public.code
(code_group_id, code_id, code_name, code_add_value1, code_add_value2, code_add_value3, description, sort_order, use_yn, del_yn, creator_id, created_at, modifier_id, modified_at)
VALUES('CAC001', 'CAC001002', 'ADMIN(관리사이트에서 변경)', NULL, NULL, NULL, 'ADMIN(관리사이트에서 변경)', 0, 'Y', 'N', 'SYSTEM', '2020-12-10 11:38:19.000', NULL, NULL);
INSERT INTO public.code
(code_group_id, code_id, code_name, code_add_value1, code_add_value2, code_add_value3, description, sort_order, use_yn, del_yn, creator_id, created_at, modifier_id, modified_at)
VALUES('CAC002', 'CAC002001', 'hazelcast', NULL, NULL, NULL, 'Hazelcast Cache', 0, 'Y', 'N', 'SYSTEM', '2020-12-10 11:38:19.000', NULL, NULL);
INSERT INTO public.code
(code_group_id, code_id, code_name, code_add_value1, code_add_value2, code_add_value3, description, sort_order, use_yn, del_yn, creator_id, created_at, modifier_id, modified_at)
VALUES('CAC002', 'CAC002002', 'mongo', NULL, NULL, NULL, 'Mongo Cache', 0, 'Y', 'N', 'SYSTEM', '2020-12-10 11:38:19.000', NULL, NULL);
INSERT INTO public.code
(code_group_id, code_id, code_name, code_add_value1, code_add_value2, code_add_value3, description, sort_order, use_yn, del_yn, creator_id, created_at, modifier_id, modified_at)
VALUES('CAC002', 'CAC002003', 'redis', NULL, NULL, NULL, 'Redis Cache', 0, 'Y', 'N', 'SYSTEM', '2020-12-10 11:38:19.000', NULL, NULL);
INSERT INTO public.code
(code_group_id, code_id, code_name, code_add_value1, code_add_value2, code_add_value3, description, sort_order, use_yn, del_yn, creator_id, created_at, modifier_id, modified_at)
VALUES('DBT000', 'DBT000001', 'ORACLE', NULL, NULL, NULL, 'ORACLE', 1, 'Y', 'Y', 'SYSTEM', '2021-11-11 17:50:00.579', 'SYSTEM', NULL);
INSERT INTO public.code
(code_group_id, code_id, code_name, code_add_value1, code_add_value2, code_add_value3, description, sort_order, use_yn, del_yn, creator_id, created_at, modifier_id, modified_at)
VALUES('DBT000', 'DBT000002', 'PG', NULL, NULL, NULL, 'Postgresql', 1, 'Y', 'Y', 'SYSTEM', '2021-11-11 17:50:00.579', 'SYSTEM', NULL);
INSERT INTO public.code
(code_group_id, code_id, code_name, code_add_value1, code_add_value2, code_add_value3, description, sort_order, use_yn, del_yn, creator_id, created_at, modifier_id, modified_at)
VALUES('DBT000', 'DBT000003', 'MYSQL', NULL, NULL, NULL, 'MYSQL', 1, 'Y', 'Y', 'SYSTEM', '2021-11-11 17:50:00.579', 'SYSTEM', NULL);
INSERT INTO public.code
(code_group_id, code_id, code_name, code_add_value1, code_add_value2, code_add_value3, description, sort_order, use_yn, del_yn, creator_id, created_at, modifier_id, modified_at)
VALUES('DPY001', 'DPY001001', '차트', NULL, NULL, NULL, '차트', 1, 'Y', 'N', 'SYSTEM', '2021-03-18 13:56:31.362', NULL, NULL);
INSERT INTO public.code
(code_group_id, code_id, code_name, code_add_value1, code_add_value2, code_add_value3, description, sort_order, use_yn, del_yn, creator_id, created_at, modifier_id, modified_at)
VALUES('DPY001', 'DPY001002', '위젯', NULL, NULL, NULL, '위젯', 2, 'Y', 'N', 'SYSTEM', '2021-03-18 13:56:31.362', NULL, NULL);
INSERT INTO public.code
(code_group_id, code_id, code_name, code_add_value1, code_add_value2, code_add_value3, description, sort_order, use_yn, del_yn, creator_id, created_at, modifier_id, modified_at)
VALUES('DPY002', 'DPY002001', 'Text', NULL, NULL, NULL, 'Text', 1, 'Y', 'N', 'SYSTEM', '2021-03-18 13:56:31.362', NULL, NULL);
INSERT INTO public.code
(code_group_id, code_id, code_name, code_add_value1, code_add_value2, code_add_value3, description, sort_order, use_yn, del_yn, creator_id, created_at, modifier_id, modified_at)
VALUES('DPY002', 'DPY002002', 'Number', NULL, NULL, NULL, 'Number', 2, 'Y', 'N', 'SYSTEM', '2021-03-18 13:56:31.362', NULL, NULL);
INSERT INTO public.code
(code_group_id, code_id, code_name, code_add_value1, code_add_value2, code_add_value3, description, sort_order, use_yn, del_yn, creator_id, created_at, modifier_id, modified_at)
VALUES('DPY002', 'DPY002003', 'Radio', NULL, NULL, NULL, 'Radio', 3, 'Y', 'N', 'SYSTEM', '2021-03-18 14:04:42.150', NULL, NULL);
INSERT INTO public.code
(code_group_id, code_id, code_name, code_add_value1, code_add_value2, code_add_value3, description, sort_order, use_yn, del_yn, creator_id, created_at, modifier_id, modified_at)
VALUES('DPY002', 'DPY002004', 'Combo', NULL, NULL, NULL, 'Combo', 4, 'Y', 'N', 'SYSTEM', '2021-03-18 14:04:42.160', NULL, NULL);
INSERT INTO public.code
(code_group_id, code_id, code_name, code_add_value1, code_add_value2, code_add_value3, description, sort_order, use_yn, del_yn, creator_id, created_at, modifier_id, modified_at)
VALUES('DPY002', 'DPY002005', 'Checkbox', NULL, NULL, NULL, 'Checkbox', 5, 'Y', 'N', 'SYSTEM', '2021-03-18 14:04:42.160', NULL, NULL);
INSERT INTO public.code
(code_group_id, code_id, code_name, code_add_value1, code_add_value2, code_add_value3, description, sort_order, use_yn, del_yn, creator_id, created_at, modifier_id, modified_at)
VALUES('DPY002', 'DPY002006', '측정지표', NULL, NULL, NULL, '측정지표', 6, 'Y', 'N', 'SYSTEM', '2021-03-18 14:04:42.160', NULL, NULL);
INSERT INTO public.code
(code_group_id, code_id, code_name, code_add_value1, code_add_value2, code_add_value3, description, sort_order, use_yn, del_yn, creator_id, created_at, modifier_id, modified_at)
VALUES('DPY002', 'DPY002007', '아이콘', NULL, NULL, NULL, '아이콘', 7, 'Y', 'N', 'SYSTEM', '2021-03-18 14:04:42.160', NULL, NULL);
INSERT INTO public.code
(code_group_id, code_id, code_name, code_add_value1, code_add_value2, code_add_value3, description, sort_order, use_yn, del_yn, creator_id, created_at, modifier_id, modified_at)
VALUES('DPY003', 'DPY003000', '공통', NULL, NULL, NULL, '공통', 1, 'Y', 'N', 'SYSTEM', '2021-03-18 13:56:31.362', NULL, NULL);
INSERT INTO public.code
(code_group_id, code_id, code_name, code_add_value1, code_add_value2, code_add_value3, description, sort_order, use_yn, del_yn, creator_id, created_at, modifier_id, modified_at)
VALUES('DPY003', 'DPY003001', 'X축', NULL, NULL, NULL, 'X축', 1, 'Y', 'N', 'SYSTEM', '2021-03-18 13:56:31.362', NULL, NULL);
INSERT INTO public.code
(code_group_id, code_id, code_name, code_add_value1, code_add_value2, code_add_value3, description, sort_order, use_yn, del_yn, creator_id, created_at, modifier_id, modified_at)
VALUES('DPY003', 'DPY003002', 'Y축', NULL, NULL, NULL, 'Y축', 1, 'Y', 'N', 'SYSTEM', '2021-03-18 13:56:31.362', NULL, NULL);
INSERT INTO public.code
(code_group_id, code_id, code_name, code_add_value1, code_add_value2, code_add_value3, description, sort_order, use_yn, del_yn, creator_id, created_at, modifier_id, modified_at)
VALUES('DPY003', 'DPY003003', 'Y2 축', NULL, NULL, NULL, 'Y2 축', 1, 'Y', 'N', 'SYSTEM', '2021-03-18 13:56:31.362', NULL, NULL);
INSERT INTO public.code
(code_group_id, code_id, code_name, code_add_value1, code_add_value2, code_add_value3, description, sort_order, use_yn, del_yn, creator_id, created_at, modifier_id, modified_at)
VALUES('DPY003', 'DPY003004', '파이 도넛 카테고리 유형', NULL, NULL, NULL, '파이 도넛 카테고리 유형', 1, 'Y', 'N', 'SYSTEM', '2021-03-18 13:56:31.362', NULL, NULL);
INSERT INTO public.code
(code_group_id, code_id, code_name, code_add_value1, code_add_value2, code_add_value3, description, sort_order, use_yn, del_yn, creator_id, created_at, modifier_id, modified_at)
VALUES('DPY003', 'DPY003100', '위젯 공통', NULL, NULL, NULL, '위젯 공통', 1, 'Y', 'N', 'SYSTEM', '2021-03-18 13:56:31.362', NULL, NULL);
INSERT INTO public.code
(code_group_id, code_id, code_name, code_add_value1, code_add_value2, code_add_value3, description, sort_order, use_yn, del_yn, creator_id, created_at, modifier_id, modified_at)
VALUES('DPY003', 'DPY003101', '위젯 상세형', NULL, NULL, NULL, '위젯 상세형', 1, 'Y', 'N', 'SYSTEM', '2021-03-18 13:56:31.362', NULL, NULL);
INSERT INTO public.code
(code_group_id, code_id, code_name, code_add_value1, code_add_value2, code_add_value3, description, sort_order, use_yn, del_yn, creator_id, created_at, modifier_id, modified_at)
VALUES('DPY003', 'DPY003102', '위젯 변동형', NULL, NULL, NULL, '위젯 변동형', 1, 'Y', 'N', 'SYSTEM', '2021-03-18 13:56:31.362', NULL, NULL);
INSERT INTO public.code
(code_group_id, code_id, code_name, code_add_value1, code_add_value2, code_add_value3, description, sort_order, use_yn, del_yn, creator_id, created_at, modifier_id, modified_at)
VALUES('DPY004', 'DPY004001', 'Bar', NULL, NULL, NULL, 'Bar', 3, 'Y', 'N', 'SYSTEM', '2021-03-18 14:04:42.150', NULL, NULL);
INSERT INTO public.code
(code_group_id, code_id, code_name, code_add_value1, code_add_value2, code_add_value3, description, sort_order, use_yn, del_yn, creator_id, created_at, modifier_id, modified_at)
VALUES('DPY004', 'DPY004002', 'Horizontal Bar', NULL, NULL, NULL, 'Bar', 3, 'Y', 'N', 'SYSTEM', '2021-03-18 14:04:42.150', NULL, NULL);
INSERT INTO public.code
(code_group_id, code_id, code_name, code_add_value1, code_add_value2, code_add_value3, description, sort_order, use_yn, del_yn, creator_id, created_at, modifier_id, modified_at)
VALUES('DPY004', 'DPY004003', 'Bar Line', NULL, NULL, NULL, 'Bar', 3, 'Y', 'N', 'SYSTEM', '2021-03-18 14:04:42.150', NULL, NULL);
INSERT INTO public.code
(code_group_id, code_id, code_name, code_add_value1, code_add_value2, code_add_value3, description, sort_order, use_yn, del_yn, creator_id, created_at, modifier_id, modified_at)
VALUES('DPY004', 'DPY004004', 'Stacked Bar', NULL, NULL, NULL, 'Stacked Bar', 4, 'Y', 'N', 'SYSTEM', '2021-03-18 14:04:42.160', NULL, NULL);
INSERT INTO public.code
(code_group_id, code_id, code_name, code_add_value1, code_add_value2, code_add_value3, description, sort_order, use_yn, del_yn, creator_id, created_at, modifier_id, modified_at)
VALUES('DPY004', 'DPY004005', 'Scatter Bar', NULL, NULL, NULL, 'Scatter Bar', 5, 'Y', 'N', 'SYSTEM', '2021-03-18 14:04:42.160', NULL, NULL);
INSERT INTO public.code
(code_group_id, code_id, code_name, code_add_value1, code_add_value2, code_add_value3, description, sort_order, use_yn, del_yn, creator_id, created_at, modifier_id, modified_at)
VALUES('DPY004', 'DPY004006', 'Line', NULL, NULL, NULL, 'Line', 1, 'Y', 'N', 'SYSTEM', '2021-03-18 13:56:31.362', NULL, NULL);
INSERT INTO public.code
(code_group_id, code_id, code_name, code_add_value1, code_add_value2, code_add_value3, description, sort_order, use_yn, del_yn, creator_id, created_at, modifier_id, modified_at)
VALUES('DPY004', 'DPY004007', 'Multi Line', NULL, NULL, NULL, 'Multi Line', 2, 'Y', 'N', 'SYSTEM', '2021-03-18 13:56:31.362', NULL, NULL);
INSERT INTO public.code
(code_group_id, code_id, code_name, code_add_value1, code_add_value2, code_add_value3, description, sort_order, use_yn, del_yn, creator_id, created_at, modifier_id, modified_at)
VALUES('DPY004', 'DPY004008', 'Area', NULL, NULL, NULL, 'Area', 6, 'Y', 'N', 'SYSTEM', '2021-03-18 14:04:42.160', NULL, NULL);
INSERT INTO public.code
(code_group_id, code_id, code_name, code_add_value1, code_add_value2, code_add_value3, description, sort_order, use_yn, del_yn, creator_id, created_at, modifier_id, modified_at)
VALUES('DPY004', 'DPY004009', 'Multi Area Line', NULL, NULL, NULL, 'Multi Area Line', 6, 'Y', 'N', 'SYSTEM', '2021-03-18 14:04:42.160', NULL, NULL);
INSERT INTO public.code
(code_group_id, code_id, code_name, code_add_value1, code_add_value2, code_add_value3, description, sort_order, use_yn, del_yn, creator_id, created_at, modifier_id, modified_at)
VALUES('DPY004', 'DPY004010', 'Pie', NULL, NULL, NULL, 'Pie', 6, 'Y', 'N', 'SYSTEM', '2021-03-18 14:04:42.160', NULL, NULL);
INSERT INTO public.code
(code_group_id, code_id, code_name, code_add_value1, code_add_value2, code_add_value3, description, sort_order, use_yn, del_yn, creator_id, created_at, modifier_id, modified_at)
VALUES('DPY004', 'DPY004011', 'Doughnut', NULL, NULL, NULL, 'Doughnut', 6, 'Y', 'N', 'SYSTEM', '2021-03-18 14:04:42.160', NULL, NULL);
INSERT INTO public.code
(code_group_id, code_id, code_name, code_add_value1, code_add_value2, code_add_value3, description, sort_order, use_yn, del_yn, creator_id, created_at, modifier_id, modified_at)
VALUES('DPY004', 'DPY004012', 'Scatter', NULL, NULL, NULL, 'Scatter', 6, 'Y', 'N', 'SYSTEM', '2021-03-18 14:04:42.160', NULL, NULL);
INSERT INTO public.code
(code_group_id, code_id, code_name, code_add_value1, code_add_value2, code_add_value3, description, sort_order, use_yn, del_yn, creator_id, created_at, modifier_id, modified_at)
VALUES('DPY004', 'DPY004013', 'Bubble', NULL, NULL, NULL, 'Bubble', 6, 'Y', 'N', 'SYSTEM', '2021-03-18 14:04:42.160', NULL, NULL);
INSERT INTO public.code
(code_group_id, code_id, code_name, code_add_value1, code_add_value2, code_add_value3, description, sort_order, use_yn, del_yn, creator_id, created_at, modifier_id, modified_at)
VALUES('DPY004', 'DPY004014', 'Active', NULL, NULL, NULL, 'Active', 6, 'Y', 'N', 'SYSTEM', '2021-03-18 14:04:42.160', NULL, NULL);
INSERT INTO public.code
(code_group_id, code_id, code_name, code_add_value1, code_add_value2, code_add_value3, description, sort_order, use_yn, del_yn, creator_id, created_at, modifier_id, modified_at)
VALUES('MEU001', 'MEU001001', 'WAS 메뉴', NULL, NULL, NULL, 'WAS 메뉴', 0, 'Y', 'N', 'SYSTEM', '2020-12-10 11:38:19.000', 'SYSTEM', NULL);
INSERT INTO public.code
(code_group_id, code_id, code_name, code_add_value1, code_add_value2, code_add_value3, description, sort_order, use_yn, del_yn, creator_id, created_at, modifier_id, modified_at)
VALUES('MEU001', 'MEU001000', '일반메뉴', NULL, NULL, NULL, '일반메뉴', 1, 'Y', 'N', 'SYSTEM', '2020-12-10 11:38:19.000', 'SYSTEM', NULL);
INSERT INTO public.code
(code_group_id, code_id, code_name, code_add_value1, code_add_value2, code_add_value3, description, sort_order, use_yn, del_yn, creator_id, created_at, modifier_id, modified_at)
VALUES('MEU001', 'MEU001002', 'CACHE 메뉴', NULL, NULL, NULL, 'CACHE 메뉴', 0, 'Y', 'N', 'SYSTEM', '2020-12-10 11:38:19.000', 'SYSTEM', NULL);
INSERT INTO public.code
(code_group_id, code_id, code_name, code_add_value1, code_add_value2, code_add_value3, description, sort_order, use_yn, del_yn, creator_id, created_at, modifier_id, modified_at)
VALUES('MEU001', 'MEU001003', 'OS 메뉴', NULL, NULL, NULL, 'OS 메뉴', 1, 'Y', 'N', 'SYSTEM', '2020-12-10 11:38:19.000', 'SYSTEM', NULL);
INSERT INTO public.code
(code_group_id, code_id, code_name, code_add_value1, code_add_value2, code_add_value3, description, sort_order, use_yn, del_yn, creator_id, created_at, modifier_id, modified_at)
VALUES('MEU001', 'MEU001004', 'DB 메뉴', NULL, NULL, NULL, 'DB 메뉴', 1, 'Y', 'N', 'SYSTEM', '2020-12-10 11:38:19.000', 'SYSTEM', NULL);
INSERT INTO public.code
(code_group_id, code_id, code_name, code_add_value1, code_add_value2, code_add_value3, description, sort_order, use_yn, del_yn, creator_id, created_at, modifier_id, modified_at)
VALUES('MTR000', 'MTR000000', '기타 지표', '', '', '', '기타 지표', 1, 'Y', 'N', 'SYSTEM', '2020-12-10 11:38:19.782', 'SYSTEM', '2020-12-10 11:38:19.782');
INSERT INTO public.code
(code_group_id, code_id, code_name, code_add_value1, code_add_value2, code_add_value3, description, sort_order, use_yn, del_yn, creator_id, created_at, modifier_id, modified_at)
VALUES('MTR000', 'MTR000001', '에이전트 공통 지표', '', '', '', '에이전트 공통', 1, 'Y', 'N', 'SYSTEM', '2020-12-10 11:38:19.782', 'SYSTEM', '2020-12-10 11:38:19.782');
INSERT INTO public.code
(code_group_id, code_id, code_name, code_add_value1, code_add_value2, code_add_value3, description, sort_order, use_yn, del_yn, creator_id, created_at, modifier_id, modified_at)
VALUES('MTR000', 'MTR000002', 'WAS 지표', '', '', '', '에이전트 WAS 지표', 1, 'Y', 'N', 'SYSTEM', '2020-12-10 11:38:19.782', 'SYSTEM', '2020-12-10 11:38:19.782');
INSERT INTO public.code
(code_group_id, code_id, code_name, code_add_value1, code_add_value2, code_add_value3, description, sort_order, use_yn, del_yn, creator_id, created_at, modifier_id, modified_at)
VALUES('MTR000', 'MTR000003', '캐시 지표', '', '', '', '에이전트 캐시 지표', 1, 'Y', 'N', 'SYSTEM', '2020-12-10 11:38:19.782', 'SYSTEM', '2020-12-10 11:38:19.782');
INSERT INTO public.code
(code_group_id, code_id, code_name, code_add_value1, code_add_value2, code_add_value3, description, sort_order, use_yn, del_yn, creator_id, created_at, modifier_id, modified_at)
VALUES('MTR000', 'MTR000004', '캐시 엔진 지표', '', '', '', '에이전트 캐시 엔진 지표', 1, 'Y', 'N', 'SYSTEM', '2020-12-10 11:38:19.782', 'SYSTEM', '2020-12-10 11:38:19.782');
INSERT INTO public.code
(code_group_id, code_id, code_name, code_add_value1, code_add_value2, code_add_value3, description, sort_order, use_yn, del_yn, creator_id, created_at, modifier_id, modified_at)
VALUES('MTR005', 'MTR005003', '평균', NULL, NULL, NULL, '평균', 2, 'Y', 'N', 'SYSTEM', '2021-07-13 14:52:55.023', 'SYSTEM', '2021-07-13 14:52:55.023');
INSERT INTO public.code
(code_group_id, code_id, code_name, code_add_value1, code_add_value2, code_add_value3, description, sort_order, use_yn, del_yn, creator_id, created_at, modifier_id, modified_at)
VALUES('MTR004', 'MTR004001', '합계', NULL, NULL, NULL, '합계', 1, 'Y', 'N', 'SYSTEM', '2021-07-13 14:52:55.023', 'SYSTEM', '2021-07-13 14:52:55.023');
INSERT INTO public.code
(code_group_id, code_id, code_name, code_add_value1, code_add_value2, code_add_value3, description, sort_order, use_yn, del_yn, creator_id, created_at, modifier_id, modified_at)
VALUES('MTR004', 'MTR004002', '평균', NULL, NULL, NULL, '평균', 2, 'Y', 'N', 'SYSTEM', '2021-07-13 14:52:55.023', 'SYSTEM', '2021-07-13 14:52:55.023');
INSERT INTO public.code
(code_group_id, code_id, code_name, code_add_value1, code_add_value2, code_add_value3, description, sort_order, use_yn, del_yn, creator_id, created_at, modifier_id, modified_at)
VALUES('MTR000', 'MTR000005', '캐시 Redis 지표', '', '', '', '캐시 Redis 지표', 1, 'Y', 'N', 'SYSTEM', '2020-12-10 11:38:19.782', 'SYSTEM', '2020-12-10 11:38:19.782');
INSERT INTO public.code
(code_group_id, code_id, code_name, code_add_value1, code_add_value2, code_add_value3, description, sort_order, use_yn, del_yn, creator_id, created_at, modifier_id, modified_at)
VALUES('MTR000', 'MTR000006', '캐시 Hazelcast 지표', '', '', '', '캐시 Hazelcast 지표', 1, 'Y', 'N', 'SYSTEM', '2020-12-10 11:38:19.782', 'SYSTEM', '2020-12-10 11:38:19.782');
INSERT INTO public.code
(code_group_id, code_id, code_name, code_add_value1, code_add_value2, code_add_value3, description, sort_order, use_yn, del_yn, creator_id, created_at, modifier_id, modified_at)
VALUES('MTR000', 'MTR000007', '캐시 Mongo 지표', '', '', '', '캐시 Mongo 지표', 1, 'Y', 'N', 'SYSTEM', '2020-12-10 11:38:19.782', 'SYSTEM', '2020-12-10 11:38:19.782');
INSERT INTO public.code
(code_group_id, code_id, code_name, code_add_value1, code_add_value2, code_add_value3, description, sort_order, use_yn, del_yn, creator_id, created_at, modifier_id, modified_at)
VALUES('MTR000', 'MTR000008', 'OS 지표', '', '', '', 'Hazelcast 지표', 1, 'Y', 'N', 'SYSTEM', '2020-12-10 11:38:19.782', 'SYSTEM', '2020-12-10 11:38:19.782');
INSERT INTO public.code
(code_group_id, code_id, code_name, code_add_value1, code_add_value2, code_add_value3, description, sort_order, use_yn, del_yn, creator_id, created_at, modifier_id, modified_at)
VALUES('MTR000', 'MTR000009', 'DB 지표', '', '', '', 'Mongo 지표', 1, 'Y', 'N', 'SYSTEM', '2020-12-10 11:38:19.782', 'SYSTEM', '2020-12-10 11:38:19.782');
INSERT INTO public.code
(code_group_id, code_id, code_name, code_add_value1, code_add_value2, code_add_value3, description, sort_order, use_yn, del_yn, creator_id, created_at, modifier_id, modified_at)
VALUES('MTR001', 'MTR001001', '%', NULL, NULL, NULL, '백분율', 1, 'Y', 'N', 'SYSTEM', '2020-12-10 11:38:19.000', 'SYSTEM', NULL);
INSERT INTO public.code
(code_group_id, code_id, code_name, code_add_value1, code_add_value2, code_add_value3, description, sort_order, use_yn, del_yn, creator_id, created_at, modifier_id, modified_at)
VALUES('MTR001', 'MTR001002', 'mb', NULL, NULL, NULL, 'MegaByte', 2, 'Y', 'N', 'SYSTEM', '2020-12-10 11:38:19.000', 'SYSTEM', NULL);
INSERT INTO public.code
(code_group_id, code_id, code_name, code_add_value1, code_add_value2, code_add_value3, description, sort_order, use_yn, del_yn, creator_id, created_at, modifier_id, modified_at)
VALUES('MTR001', 'MTR001003', 'g', NULL, NULL, NULL, 'GigaByte', 3, 'Y', 'N', 'SYSTEM', '2020-12-10 11:38:19.000', 'SYSTEM', NULL);
INSERT INTO public.code
(code_group_id, code_id, code_name, code_add_value1, code_add_value2, code_add_value3, description, sort_order, use_yn, del_yn, creator_id, created_at, modifier_id, modified_at)
VALUES('MTR001', 'MTR001004', '건수', NULL, NULL, NULL, '건수', 4, 'Y', 'N', 'SYSTEM', '2020-12-10 11:38:19.000', 'SYSTEM', NULL);
INSERT INTO public.code
(code_group_id, code_id, code_name, code_add_value1, code_add_value2, code_add_value3, description, sort_order, use_yn, del_yn, creator_id, created_at, modifier_id, modified_at)
VALUES('MTR001', 'MTR001005', '초', NULL, NULL, NULL, '초', 5, 'Y', 'N', 'SYSTEM', '2020-12-10 11:38:19.000', 'SYSTEM', NULL);
INSERT INTO public.code
(code_group_id, code_id, code_name, code_add_value1, code_add_value2, code_add_value3, description, sort_order, use_yn, del_yn, creator_id, created_at, modifier_id, modified_at)
VALUES('MTR001', 'MTR001006', '분', NULL, NULL, NULL, '분', 6, 'Y', 'N', 'SYSTEM', '2020-12-10 11:38:19.000', 'SYSTEM', NULL);
INSERT INTO public.code
(code_group_id, code_id, code_name, code_add_value1, code_add_value2, code_add_value3, description, sort_order, use_yn, del_yn, creator_id, created_at, modifier_id, modified_at)
VALUES('MTR001', 'MTR001007', '시간', NULL, NULL, NULL, '시간', 7, 'Y', 'N', 'SYSTEM', '2020-12-10 11:38:19.000', 'SYSTEM', NULL);
INSERT INTO public.code
(code_group_id, code_id, code_name, code_add_value1, code_add_value2, code_add_value3, description, sort_order, use_yn, del_yn, creator_id, created_at, modifier_id, modified_at)
VALUES('MTR001', 'MTR001008', 'ms', NULL, NULL, NULL, '밀리세컨드', 8, 'Y', 'N', 'SYSTEM', '2020-12-10 11:38:19.000', 'SYSTEM', NULL);
INSERT INTO public.code
(code_group_id, code_id, code_name, code_add_value1, code_add_value2, code_add_value3, description, sort_order, use_yn, del_yn, creator_id, created_at, modifier_id, modified_at)
VALUES('MTR002', 'MTR002001', '숫자', NULL, NULL, NULL, '숫자(Number)', 1, 'Y', 'N', 'SYSTEM', '2021-04-06 17:04:51.681', NULL, NULL);
INSERT INTO public.code
(code_group_id, code_id, code_name, code_add_value1, code_add_value2, code_add_value3, description, sort_order, use_yn, del_yn, creator_id, created_at, modifier_id, modified_at)
VALUES('MTR003', 'MTR003001', 'Was', NULL, NULL, NULL, 'was', 0, 'Y', 'N', 'SYSTEM', '2021-07-13 14:52:55.023', 'SYSTEM', '2021-07-13 14:52:55.023');
INSERT INTO public.code
(code_group_id, code_id, code_name, code_add_value1, code_add_value2, code_add_value3, description, sort_order, use_yn, del_yn, creator_id, created_at, modifier_id, modified_at)
VALUES('MTR003', 'MTR003002', 'CacheEngine', NULL, NULL, NULL, 'CacheEngine', 0, 'Y', 'N', 'SYSTEM', '2021-07-13 14:52:55.023', 'SYSTEM', '2021-07-13 14:52:55.023');
INSERT INTO public.code
(code_group_id, code_id, code_name, code_add_value1, code_add_value2, code_add_value3, description, sort_order, use_yn, del_yn, creator_id, created_at, modifier_id, modified_at)
VALUES('MTR002', 'MTR002005', '배열', NULL, NULL, NULL, '배열(Array)', 5, 'Y', 'N', 'SYSTEM', '2021-04-06 17:04:51.681', NULL, NULL);
INSERT INTO public.code
(code_group_id, code_id, code_name, code_add_value1, code_add_value2, code_add_value3, description, sort_order, use_yn, del_yn, creator_id, created_at, modifier_id, modified_at)
VALUES('MTR002', 'MTR002006', '배열 객체', NULL, NULL, NULL, '배열 객체(Array Object)', 6, 'Y', 'N', 'SYSTEM', '2021-04-06 17:04:51.681', NULL, NULL);
INSERT INTO public.code
(code_group_id, code_id, code_name, code_add_value1, code_add_value2, code_add_value3, description, sort_order, use_yn, del_yn, creator_id, created_at, modifier_id, modified_at)
VALUES('MTR002', 'MTR002002', '문자', NULL, NULL, NULL, '문자(String)', 2, 'Y', 'N', 'SYSTEM', '2021-04-06 17:04:51.681', NULL, NULL);
INSERT INTO public.code
(code_group_id, code_id, code_name, code_add_value1, code_add_value2, code_add_value3, description, sort_order, use_yn, del_yn, creator_id, created_at, modifier_id, modified_at)
VALUES('MTR002', 'MTR002003', '참/거짓', NULL, NULL, NULL, '참/거짓(Boolean)', 3, 'Y', 'N', 'SYSTEM', '2021-04-06 17:04:51.681', NULL, NULL);
INSERT INTO public.code
(code_group_id, code_id, code_name, code_add_value1, code_add_value2, code_add_value3, description, sort_order, use_yn, del_yn, creator_id, created_at, modifier_id, modified_at)
VALUES('MTR002', 'MTR002004', '객체', NULL, NULL, NULL, '객체(Object)', 4, 'Y', 'N', 'SYSTEM', '2021-04-06 17:04:51.681', NULL, NULL);
INSERT INTO public.code
(code_group_id, code_id, code_name, code_add_value1, code_add_value2, code_add_value3, description, sort_order, use_yn, del_yn, creator_id, created_at, modifier_id, modified_at)
VALUES('DPY002', 'DPY002008', '토글 버튼 (Toggle)', NULL, NULL, NULL, '토글 버튼 (Toggle)', 8, 'Y', 'N', 'SYSTEM', '2021-03-18 14:04:42.160', NULL, NULL);
INSERT INTO public.code
(code_group_id, code_id, code_name, code_add_value1, code_add_value2, code_add_value3, description, sort_order, use_yn, del_yn, creator_id, created_at, modifier_id, modified_at)
VALUES('DPY002', 'DPY002009', '색상 선택', NULL, NULL, NULL, '색상 선택', 9, 'Y', 'N', 'SYSTEM', '2021-03-18 14:04:42.160', NULL, NULL);
INSERT INTO public.code
(code_group_id, code_id, code_name, code_add_value1, code_add_value2, code_add_value3, description, sort_order, use_yn, del_yn, creator_id, created_at, modifier_id, modified_at)
VALUES('MTR005', 'MTR005002', '합계', NULL, NULL, NULL, '합계', 1, 'Y', 'N', 'SYSTEM', '2021-07-13 14:52:55.023', 'SYSTEM', '2021-07-13 14:52:55.023');
INSERT INTO public.code
(code_group_id, code_id, code_name, code_add_value1, code_add_value2, code_add_value3, description, sort_order, use_yn, del_yn, creator_id, created_at, modifier_id, modified_at)
VALUES('MTR004', 'MTR004003', '직접연산(병합)', NULL, NULL, NULL, '직접연산(병합)', 3, 'Y', 'N', 'SYSTEM', '2021-07-13 14:52:55.023', 'SYSTEM', '2021-07-13 14:52:55.023');
INSERT INTO public.code
(code_group_id, code_id, code_name, code_add_value1, code_add_value2, code_add_value3, description, sort_order, use_yn, del_yn, creator_id, created_at, modifier_id, modified_at)
VALUES('NTI002', 'NTI002003', '컬렉터 중단 알림', '', '', '', '공통알림', 1, 'Y', 'N', 'SYSTEM', '2020-12-10 11:38:19.782', 'SYSTEM', '2020-12-10 11:38:19.782');
INSERT INTO public.code
(code_group_id, code_id, code_name, code_add_value1, code_add_value2, code_add_value3, description, sort_order, use_yn, del_yn, creator_id, created_at, modifier_id, modified_at)
VALUES('MTR006', 'MTR006001', '없음', NULL, NULL, NULL, '없음', 0, 'Y', 'N', 'SYSTEM', '2021-07-13 14:52:55.023', 'SYSTEM', '2021-07-13 14:52:55.023');
INSERT INTO public.code
(code_group_id, code_id, code_name, code_add_value1, code_add_value2, code_add_value3, description, sort_order, use_yn, del_yn, creator_id, created_at, modifier_id, modified_at)
VALUES('MTR006', 'MTR006003', '수집서버', NULL, NULL, NULL, '수집서버', 2, 'Y', 'N', 'SYSTEM', '2021-07-13 14:52:55.023', 'SYSTEM', '2021-07-13 14:52:55.023');
INSERT INTO public.code
(code_group_id, code_id, code_name, code_add_value1, code_add_value2, code_add_value3, description, sort_order, use_yn, del_yn, creator_id, created_at, modifier_id, modified_at)
VALUES('MTR006', 'MTR006002', '에이전트', NULL, NULL, NULL, '에이전트', 1, 'Y', 'N', 'SYSTEM', '2021-07-13 14:52:55.023', 'SYSTEM', '2021-07-13 14:52:55.023');
INSERT INTO public.code
(code_group_id, code_id, code_name, code_add_value1, code_add_value2, code_add_value3, description, sort_order, use_yn, del_yn, creator_id, created_at, modifier_id, modified_at)
VALUES('DPY002', 'DPY002010', '사용자 정의', NULL, NULL, NULL, '사용자 정의', 8, 'Y', 'N', 'SYSTEM', '2021-03-18 14:04:42.160', NULL, '2024-07-15 09:47:49.887');